Date,Open,High,Low,Close,Volume
2020-05-24,3363.55,3403.97,3235.06,3241.78,61958955008
2020-05-23,3364.18,3414.76,3315.75,3362.43,53118619648
2020-05-22,3266.28,3393.71,3230.52,3363.76,59971682304
2020-05-21,3415.89,3445.49,3179.7,3266.44,71398170624
2020-05-20,3453.8,3503.9,3362.61,3415.66,68692594688
2020-05-19,3454.91,3488.56,3378.49,3454.54,71568982016
2020-05-18,3389.66,3512.15,3366.19,3454.54,77048840192
2020-05-17,3325.55,3446.49,3311.71,3388.15,82321440768
2020-05-16,3289.53,3374.37,3258.12,3325.4,71257088000
2020-05-15,3381.95,3409.54,3251.11,3289.27,83300130816
2020-05-14,3303.94,3418.68,3264.68,3381.92,106833461248
2020-05-13,3202.45,3338.46,3182.94,3306.71,84253081600
2020-05-12,3125.59,3254.33,3103.07,3202.23,80093069312
2020-05-11,3174.95,3242.92,3012.18,3122.58,106420019200
2020-05-10,3491.29,3495.22,3034.9,3174.53,99096502272
2020-05-09,3533.19,3604.15,3459.2,3490.92,108074860544
2020-05-08,3494.82,3595.46,3439.58,3535.47,95458975744
2020-05-07,3360.19,3533.85,3308.62,3497.47,111937060864
2020-05-06,3350.74,3461.55,3311.69,3359.6,97924775936
2020-05-05,3361.66,3421,3303.77,3352.27,86023995392
2020-05-04,3377.16,3410.2,3231.44,3362.31,90403495936
2020-05-03,3450.75,3508.71,3339.27,3377.35,92691496960
2020-05-02,3397.11,3470.68,3364.15,3451.38,87813857280
2020-05-01,3307.12,3465.68,3302.56,3396.62,88946638848
2020-04-30,3435.27,3608.25,3268.4,3304.78,126967955456
2020-04-29,3176.3,3465.07,3157.95,3435.94,123077967872
2020-04-28,3134.08,3195.2,3093.33,3174.48,76602384384
2020-04-27,3120.75,3173.7,3061.11,3133.48,76309159936
2020-04-26,3083.23,3154.07,3057.82,3120.23,79997935616
2020-04-25,3049.48,3127.02,3021.8,3083.89,75189010432
2020-04-24,2978.08,3088.13,2970.73,3049.39,72426274816
2020-04-23,2889.74,3026.47,2857.15,2976.44,76413861888
2020-04-22,2775.1,2910.92,2760.55,2888.55,89993453568
2020-04-21,2767.89,2814.58,2737.46,2776.43,70352715776
2020-04-20,2898.65,2961.78,2741.96,2770.77,84878393344
2020-04-19,2959.19,2989.56,2878.14,2900.23,74145652736
2020-04-18,2839.44,2976.15,2832.86,2958.72,75696611328
2020-04-17,2841.46,2875.64,2801.13,2840.49,70487629824
2020-04-16,2638,2860.92,2582.68,2840.86,96780419072
2020-04-15,2716.59,2765.49,2631.12,2638.86,66115956736
2020-04-14,2716.22,2778.41,2685.26,2717.38,69374607360
2020-04-13,2773.82,2780.28,2634.37,2716.03,77738622976
2020-04-12,2727.38,2840.57,2694,2773.3,71843102720
2020-04-11,2724.11,2781.88,2673.48,2727.28,65133903872
2020-04-10,2941.62,2949.28,2661.41,2723.74,86519693312
2020-04-09,2941.37,2986.58,2864.91,2940.46,72571813888
2020-04-08,2816.87,2967.23,2797.98,2941.22,81050869760
2020-04-07,2854.54,2958.56,2783.77,2815.6,91265097728
2020-04-06,2601.66,2862.91,2595.1,2853.7,89170018304
2020-04-05,2627.01,2650.22,2562.06,2600.31,57801601024
2020-04-04,2583.28,2644.84,2554.82,2627.45,62801891328
2020-04-03,2573.12,2659.98,2539.81,2583,72601059328
2020-04-02,2509.81,2677.47,2492.97,2572.25,85699452928
2020-04-01,2471.33,2518.82,2381.24,2510.69,70766837760
2020-03-31,2458.9,2503.78,2424.32,2471.86,62030028800
2020-03-30,2295.7,2491.39,2286.03,2458.75,69011709952
2020-03-29,2411.16,2428.99,2289.98,2296.99,54275469312
2020-03-28,2469.95,2478.96,2335.75,2410.65,67690987520
2020-03-27,2554.83,2605.23,2460.43,2471.71,64529756160
2020-03-26,2493.46,2564.68,2464.4,2553.5,64714338304
2020-03-25,2531.71,2570.36,2445.07,2494.17,78117847040
2020-03-24,2438.95,2569.86,2411.95,2530.5,84326064128
2020-03-23,2242.42,2443.01,2216.14,2435.91,83355713536
2020-03-22,2404.43,2480.48,2232.95,2243.18,73989267456
2020-03-21,2389.44,2472.09,2294.66,2403.43,79264399360
2020-03-20,2422.72,2665.76,2231.89,2389.03,102580936704
2020-03-19,2052.39,2504.95,2043.58,2422.09,94232731648
2020-03-18,2024.29,2088.81,1965.5,2051.21,67343441920
2020-03-17,1948.96,2108.49,1938.78,2026.14,69428592640
2020-03-16,2134.88,2150.03,1794.37,1951.11,84945354752
2020-03-15,2074.23,2292.44,2039.3,2139.07,66104397824
2020-03-14,2210.89,2258.63,2028.43,2075.86,69656952832
2020-03-13,1940.89,2323.43,1579.84,2206.71,148010582016
2020-03-12,3147.03,3159.21,1908.13,1938.49,107773059072
2020-03-11,3209.45,3240.51,3000.3,3146.82,76417966080
2020-03-10,3206.63,3294.71,3144.32,3209,82715017216
2020-03-09,3240.2,3309.26,3042.16,3200.35,100422541312
2020-03-08,3700.91,3709.79,3226.47,3241.15,86438199296
2020-03-07,3835.5,3871.16,3681.39,3702.78,78784110592
2020-03-06,3767.29,3865.2,3732.75,3835.69,84667006976
2020-03-05,3657.71,3841.45,3653.43,3767.36,81489248256
2020-03-04,3665.88,3732.83,3593.59,3656.64,81175511040
2020-03-03,3699.19,3746.16,3598.91,3666.35,115327467520
2020-03-02,3520.02,3744.48,3492.63,3701.27,106372644864
2020-03-01,3539.12,3638.4,3447.56,3519.21,77585358848
2020-02-29,3584.76,3689.46,3521.95,3543.44,77696688128
2020-02-28,3623.16,3717.61,3459.95,3583.26,95571345408
2020-02-27,3576.36,3743.21,3426.89,3618.6,100925038592
2020-02-26,3895.64,3935.04,3469.83,3574.12,113021640704
2020-02-25,4124.19,4139.34,3860.18,3898.19,93202890752
2020-02-24,4311.77,4344.98,4033.25,4124.1,96901857280
2020-02-23,4154.67,4338.65,4134.39,4314.81,87207624704
2020-02-22,4189.85,4230.14,4087.46,4152.52,77129678848
2020-02-21,4127.96,4259.53,4082.37,4188.24,90064068608
2020-02-20,4153.47,4226.28,4019.19,4129.49,102788997120
2020-02-19,4435.58,4519.78,4121.15,4156.77,98363482112
2020-02-18,4249.79,4474.18,4140.86,4433.18,106160922624
2020-02-17,4304.39,4358.9,3975.89,4250.03,109048979456
2020-02-16,4408.37,4553.42,4055.61,4309.12,105761292288
2020-02-15,4761.1,4817.63,4342.29,4402.01,102301851648
2020-02-14,4605.06,4807.63,4524.1,4760.54,98702237696
2020-02-13,4633.39,4786.29,4470.94,4605.62,113921228800
2020-02-12,4440.52,4728.52,4422.73,4635.09,101394235392
2020-02-11,4260,4461.45,4163.7,4440.69,83381608448
2020-02-10,4311.21,4384.83,4132,4259.89,86588407808
2020-02-09,4156.64,4358.54,4131.18,4310.03,79535030272
2020-02-08,4109.01,4219.1,3980.3,4157.82,80811409408
2020-02-07,4058.83,4182,4020.05,4110.12,78304870400
2020-02-06,3995.56,4133.2,3927.81,4058.13,84158005248
2020-02-05,3758.4,4037.2,3735.07,3993.97,79059468288
2020-02-04,3771.74,3830.64,3655.15,3758.46,63915978752
2020-02-03,3751.62,3866.68,3709.02,3771.96,66324766720
2020-02-02,3718.35,3847.42,3633.79,3753.08,68840554496
2020-02-01,3672.67,3765.2,3637.26,3720.15,60521455616
2020-01-31,3759.8,3795.76,3587.42,3672.4,66793762816
2020-01-30,3633.54,3803.09,3566.86,3759.74,73761660928
2020-01-29,3624.77,3734.57,3571.23,3635.02,67700465664
2020-01-28,3492.33,3658.18,3449.45,3624.74,71854415872
2020-01-27,3368.46,3564.68,3351.15,3493.36,64419635200
2020-01-26,3234.03,3383.01,3204.53,3368.15,49958248448
2020-01-25,3275.65,3289.25,3184.95,3235.92,43432435712
2020-01-24,3269.9,3340.95,3140,3275.96,55782797312
2020-01-23,3438.9,3447.79,3204.51,3267.98,55670665216
2020-01-22,3450.9,3503.68,3387.02,3439.1,49225375744
2020-01-21,3396.43,3484.4,3336.67,3450.72,52870496256
2020-01-20,3359.95,3470.41,3262.3,3397.56,59197304832
2020-01-19,3432.07,3555.13,3242.61,3360.47,74388545536
2020-01-18,3509.35,3617.61,3342.07,3431.55,77118283776
2020-01-17,3401.78,3649.22,3306.94,3510.36,84335796224
2020-01-16,3424.05,3488.41,3237.96,3400.34,72074952704
2020-01-15,3422.41,3601.58,3228.08,3423.63,90119331840
2020-01-14,2890.48,3495.56,2884.95,3427.91,97374535680
2020-01-13,2909.92,2933.89,2836.26,2891.08,44975386624
2020-01-12,2842.72,2931.81,2820.73,2910.09,47588462592
2020-01-11,2859.71,2944.51,2804.89,2841.66,52367060992
2020-01-10,2714.61,2878.16,2653.47,2861.84,55341150208
2020-01-09,2752.05,2772.6,2666.93,2714.97,44359471104
2020-01-08,2784.45,2865.64,2694.87,2753.32,56923197440
2020-01-07,2752.9,2827.6,2688.86,2784.3,53950189568
2020-01-06,2597.98,2767.58,2590.29,2752.24,48210563072
2020-01-05,2578.9,2656.42,2563.75,2597.54,39637942272
2020-01-04,2546.78,2595.26,2517.77,2577.96,37314002944
2020-01-03,2416.76,2570.21,2388.27,2543.03,52247605248
2020-01-02,2503.41,2510.97,2394.74,2415.57,39310446592
2020-01-01,2474.39,2535.25,2455.8,2502.88,36776247296
2019-12-31,2517.62,2542.29,2450.9,2474.27,41624801280
2019-12-30,2545.77,2577.94,2480.62,2500.74,45315440640
2019-12-29,2488.33,2586.92,2471.64,2545.11,45065814016
2019-12-28,2469.63,2534,2454.37,2489.02,41809321984
2019-12-27,2442.54,2503.05,2416.27,2470.4,43444809728
2019-12-26,2440.33,2502.93,2402.47,2442.79,42944729088
2019-12-25,2471.58,2486.05,2406.07,2439.84,40974422016
2019-12-24,2470.51,2535.54,2432.83,2470.3,42715549696
2019-12-23,2532.05,2580.59,2448.27,2470.28,50523922432
2019-12-22,2446.14,2546.46,2426.04,2532.85,44119613440
2019-12-21,2464.74,2489.21,2405.06,2445.56,37200461824
2019-12-20,2431.73,2497.65,2387.35,2464.03,42763091968
2019-12-19,2466.84,2498.3,2358.23,2430.8,48606638080
2019-12-18,2272.73,2500.73,2222.75,2467.26,60229603328
2019-12-17,2445.45,2465.1,2240.35,2272.22,45154467840
2019-12-16,2568.47,2584.68,2424.76,2445.56,41521516544
2019-12-15,2557.76,2593.3,2480.37,2568.22,34553331712
2019-12-14,2601.38,2633.23,2530.33,2556.72,34392190976
2019-12-13,2590.69,2629.16,2560.36,2601.47,35178016768
2019-12-12,2571.99,2613.27,2531.51,2590.4,38064009216
2019-12-11,2585.95,2620.65,2546.03,2571.3,33415360512
2019-12-10,2627.01,2642.31,2549.64,2586.68,34950512640
2019-12-09,2682.26,2705.31,2603.32,2627.4,34819280896
2019-12-08,2658.14,2712.76,2630.14,2682.84,30904539136
2019-12-07,2651.59,2691.88,2632.9,2658.68,30704900096
2019-12-06,2622.58,2672.34,2589.06,2651.39,34592292864
2019-12-05,2556.86,2708.99,2529.46,2620.77,36541370368
2019-12-04,2597.68,2656.71,2517.92,2557.94,41538625536
2019-12-03,2607.55,2653.23,2555.23,2598.65,30751584256
2019-12-02,2648.6,2683.36,2566.38,2607.62,34624811008
2019-12-01,2683.44,2710.94,2577.59,2648.5,37169451008
2019-11-30,2550.63,2583.96,2459.44,2491.09,34679746560
2019-11-29,2651.47,2767.44,2643.38,2745.14,39592943616
2019-11-28,2670.17,2747.27,2629,2650.36,37707120640
2019-11-27,2593.76,2712.2,2496.09,2669.12,47270973440
2019-11-26,2547.32,2635.79,2523.79,2598.35,41007087616
2019-11-25,2512.78,2633.39,2358.82,2548.6,78617321472
2019-11-24,2687.78,2701.16,2506.61,2513.83,53635620864
2019-11-23,2599.45,2705.94,2541.79,2686.91,43257950208
2019-11-22,2752.57,2788.36,2451.56,2599.44,65037037568
2019-11-21,2921.74,2949.26,2709.43,2752.21,45727830016
2019-11-20,2980.78,3016.18,2901.95,2922.59,40734502912
2019-11-19,3042.65,3085.47,2912.43,2981.54,42646962176
2019-11-18,3159.3,3192,2999.55,3042.96,43140366336
2019-11-17,3145.61,3216.09,3110.23,3159.82,37911318528
2019-11-16,3118.18,3174.6,3093.96,3145.5,34467725312
2019-11-15,3208.67,3239.09,3083,3117.54,44233752576
2019-11-14,3230.16,3274.91,3162.28,3207.84,39847460864
2019-11-13,3220.28,3269.08,3180.37,3229.9,37501579264
2019-11-12,3197.6,3262.83,3159.63,3221.03,42171187200
2019-11-11,3266.58,3294.1,3153.18,3196.56,41212293120
2019-11-10,3181.73,3297.01,3162.49,3265.92,44371570688
2019-11-09,3156.3,3214.31,3137.4,3181.09,37381115904
2019-11-08,3287.77,3309.99,3111.88,3155.99,48976855040
2019-11-07,3324.06,3384.91,3213.72,3287.66,47559147520
2019-11-06,3258.74,3343.67,3226.5,3310.62,48710844416
2019-11-05,3255.38,3330.85,3209.24,3288.88,53770350592
2019-11-04,3180.51,3282.69,3151.72,3255.05,52457906176
2019-11-03,3206.71,3241.23,3132.27,3180.05,42816475136
2019-11-02,3174.46,3242.82,3158.21,3207.37,42865975296
2019-11-01,3160.98,3200.68,3110.48,3174.05,47663284224
2019-10-31,3167.95,3245.62,3079.28,3161.94,51255185408
2019-10-30,3231.04,3275.94,3094.73,3168.46,55363563520
2019-10-29,3151.08,3290.8,3131.13,3230.89,57890111488
2019-10-28,3195.78,3339.98,3107.59,3152.66,60988080128
2019-10-27,3063.74,3272.16,3000.82,3194.03,63838339072
2019-10-26,3021.28,3303.99,2938.53,3062.32,81716273152
2019-10-25,2691.43,3049.7,2667.3,3020.48,57405005824
2019-10-24,2657.93,2724.53,2623.63,2689.72,35004047360
2019-10-23,2834.63,2851.03,2593.19,2657.48,44832075776
2019-10-22,2885.32,2927.47,2822.99,2834.7,34943627264
2019-10-21,2858.06,2916.87,2826.26,2885.37,33937250304
2019-10-20,2801.97,2880.41,2767.07,2857.29,32555239424
2019-10-19,2800.9,2842.24,2771.55,2801.05,30185054208
2019-10-18,2857.54,2879.16,2754.87,2801.79,33976770560
2019-10-17,2800.77,2882.53,2769.25,2857.95,31695050752
2019-10-16,2862.41,2886.83,2749.32,2800.85,34929225728
2019-10-15,2928.2,2959.06,2829.18,2861.69,33795221504
2019-10-14,2869,2945.16,2851,2928.47,32049285120
2019-10-13,2850.76,2928.26,2826.02,2869.24,29446606848
2019-10-12,2853.91,2906.64,2823.13,2852.03,30717149184
2019-10-11,2929.88,2977.72,2829.44,2854,38750470144
2019-10-10,2974.25,2995.7,2877.9,2929.55,36678483968
2019-10-09,2857.06,3006.7,2825.06,2976.1,40035565568
2019-10-08,2849.03,2905.66,2805.89,2856.95,32978917376
2019-10-07,2723.39,2879.51,2692.77,2848.71,37498310656
2019-10-06,2764.97,2793.34,2691.38,2724.6,27291566080
2019-10-05,2774.5,2793.51,2717.84,2765.12,25765830656
2019-10-04,2751.44,2802.14,2715.51,2775.01,27801186304
2019-10-03,2800.96,2816.66,2701.22,2751.39,28247420928
2019-10-02,2771.21,2812.25,2721.13,2801.43,27796875264
2019-10-01,2786.52,2865.74,2728.68,2771.21,33077694464
2019-09-30,2680.25,2804.59,2608.12,2784.48,35302125568
2019-09-29,2752.21,2768.65,2643.82,2694.88,27789576192
2019-09-28,2754.04,2784.61,2702.58,2751.63,29831997440
2019-09-27,2692.23,2770.24,2625.06,2753.47,35146764288
2019-09-26,2780.23,2817.18,2575.8,2692.92,39050547200
2019-09-25,2743.07,2860.77,2662.99,2780.23,46629199872
2019-09-24,3235.52,3283.72,2643.91,2745.47,54255919104
2019-09-23,3381.89,3413.62,3224.72,3234.75,33726269440
2019-09-22,3446.56,3459.41,3326.75,3382.81,30869479424
2019-09-21,3497.23,3531.2,3422,3446.24,31496476672
2019-09-20,3541.52,3569.53,3436.78,3496.69,34474496000
2019-09-19,3558.95,3613.63,3359.45,3542.36,45514326016
2019-09-18,3427.16,3635.09,3412.1,3559.48,40081612800
2019-09-17,3332.64,3492.75,3307.09,3429.58,37867134976
2019-09-16,3318.86,3384.83,3267.64,3331.83,33321482240
2019-09-15,3307.86,3359.86,3280.47,3319.13,27395829760
2019-09-14,3260.73,3347.01,3229.99,3308.6,29756082176
2019-09-13,3260.75,3298.84,3202.95,3261.2,28685676544
2019-09-12,3227.88,3296.95,3173.05,3263.49,29908305920
2019-09-11,3259.11,3293.17,3167.37,3227.52,32433096704
2019-09-10,3314.17,3363.97,3224.88,3257.74,31192848384
2019-09-09,3341.35,3382.29,3234.15,3315.64,36261576704
2019-09-08,3297.42,3386.32,3270.77,3340.43,30435997696
2019-09-07,3192.16,3331.12,3171.71,3296.51,32564318208
2019-09-06,3255.54,3344.22,3157.4,3190.89,36034494464
2019-09-05,3276.29,3313.17,3207.69,3255.51,29074997248
2019-09-04,3323.31,3347.48,3241.79,3277.44,31279249408
2019-09-03,3283.13,3379.32,3248.34,3323.23,36462747648
2019-09-02,3166.37,3312.84,3132.26,3283.31,32751060992
2019-09-01,3147.12,3201.3,3101.3,3165.96,24723288064
2019-08-31,3144.62,3190.81,3093.04,3146.9,25518508032
2019-08-30,3122.83,3183.59,3075.82,3144.67,28135235584
2019-08-29,3221.82,3239.2,3067.83,3121.22,34972381184
2019-08-28,3427.61,3452.61,3194.84,3221.05,34985197568
2019-08-27,3473.32,3489.95,3377.29,3424.44,29747945472
2019-08-26,3430.56,3548.5,3409.59,3472.95,36196700160
2019-08-25,3466.37,3527.89,3384.5,3432.52,28807843840
2019-08-24,3522.03,3544.88,3393.62,3467.1,30790502400
2019-08-23,3460.01,3556.33,3422.35,3522.72,32383934464
2019-08-22,3396.67,3511.51,3312.62,3460.43,35941216256
2019-08-21,3563.77,3576.83,3321.14,3396.78,37703127040
2019-08-20,3644.15,3660.91,3516.41,3563.69,30176968704
2019-08-19,3534.49,3671.49,3501.56,3644.64,30807728128
2019-08-18,3430.63,3587.39,3393.84,3533.6,27820646400
2019-08-17,3448.1,3492.15,3370.39,3429.68,27123515392
2019-08-16,3477.43,3517.04,3325.3,3448.7,37185454080
2019-08-15,3411.39,3526.09,3258.38,3476.14,43941634048
2019-08-14,3731.45,3770.75,3383.78,3410.09,39492288512
2019-08-13,3819.37,3852.55,3675.04,3733.21,32014743552
2019-08-12,3890.47,3904.34,3797.64,3818.41,27854014464
2019-08-11,3784.4,3925.07,3760.8,3889.66,31729184768
2019-08-10,3821.34,3909.95,3711.41,3784.36,34909794304
2019-08-09,3957.41,3987.23,3769.43,3821.75,35433922560
2019-08-08,3986.98,4043.19,3847.96,3958.54,35454009344
2019-08-07,3935.17,4062.38,3877.23,3985.32,39081406464
2019-08-06,4094.53,4193.19,3873.69,3934.77,42051584000
2019-08-05,3927.82,4178.02,3914.68,4092.47,43698995200
2019-08-04,3919.64,3981.74,3839.26,3929.38,30141927424
2019-08-03,3857.48,3982.68,3837.16,3919.19,29818454016
2019-08-02,3870.69,3948.76,3802.47,3856.95,33078007808
2019-08-01,3843.53,3913.07,3747.55,3870,32620664832
2019-07-31,3714.34,3870.23,3705.73,3844.03,32780539904
2019-07-30,3686.77,3776.53,3625.68,3715.98,28164933632
2019-07-29,3701.3,3760.91,3644.64,3680.39,28345933824
2019-07-28,3695.59,3743.36,3566.8,3702.29,28353464320
2019-07-27,3871.86,3956.16,3644.69,3693.95,33647132672
2019-07-26,3835.57,3895.95,3746.83,3871.59,29955065856
2019-07-25,3834.49,3946.87,3787.83,3835.03,33148706816
2019-07-24,3791.29,3893.52,3654.53,3835.21,37448511488
2019-07-23,3943.36,3985.37,3734.3,3794.14,35887415296
2019-07-22,4048.69,4105.1,3850.27,3942.59,33329256448
2019-07-21,4094.42,4156.68,3931.12,4048.85,34579386368
2019-07-20,3933.94,4211.52,3909.1,4092.82,40922681344
2019-07-19,3961.65,4023.17,3792.96,3933.24,40874201088
2019-07-18,3642.02,4014.89,3555.18,3963.23,50220457984
2019-07-17,3475.34,3779,3375.01,3641.43,51164876800
2019-07-16,3990.28,4052.3,3433.38,3479.1,48052248576
2019-07-15,3860.82,4071.3,3656.53,3990.74,50794414080
2019-07-14,4356.63,4386.46,3842.16,3859.37,44465975296
2019-07-13,4521.99,4552.25,4211.25,4355.81,39673974784
2019-07-12,4350.29,4638.07,4258.67,4523.36,45473038336
2019-07-11,4712.66,4736.29,4222.25,4347.83,56330620928
2019-07-10,4978.77,5106.46,4556.74,4714.37,62755946496
2019-07-09,5005.25,5128.81,4889.37,4978.72,52089159680
2019-07-08,4876.66,5068.89,4815.21,5004.93,45685944320
2019-07-07,4744.78,4923.53,4699.11,4876.54,39412592640
2019-07-06,4706.83,4906.81,4673.69,4742.59,41349365760
2019-07-05,4721.29,4841.4,4623.98,4706.06,46666391552
2019-07-04,4947.28,5008.3,4679.92,4722.76,49254682624
2019-07-03,4699.88,4981.09,4672.87,4946.88,56570327040
2019-07-02,4715.43,4814.9,4369.24,4696.95,59475488768
2019-07-01,4686.84,4894.24,4459.26,4716.5,57930739712
2019-06-30,5157.45,5242.2,4675.46,4692.76,55063597056
2019-06-29,5063.96,5189.29,4788.9,5108.19,59439923200
2019-06-28,4715.88,5112.46,4636.1,5063.63,66326777856
2019-06-27,5377.3,5476.35,4462.64,4715.26,78067924992
2019-06-26,5269.07,5776.57,5064.97,5374.46,88848457728
2019-06-25,5124.07,5347.35,5025.16,5270.41,52092190720
2019-06-24,5074.99,5177.48,4940.63,5122.33,42416123904
2019-06-23,5102.07,5283.97,4999.02,5074.05,45719089152
2019-06-22,4840.43,5315.27,4805.61,5102.6,64521740288
2019-06-21,4630.6,4873.01,4620.14,4833.63,44676567040
2019-06-20,4629.3,4709.12,4512.63,4630.64,37317537792
2019-06-19,4565.11,4678.65,4540.22,4629.44,31974526976
2019-06-18,4688.07,4731.06,4495.83,4564.9,35674181632
2019-06-17,4573.09,4770.89,4545.77,4687.28,34611671040
2019-06-16,4517.51,4705.91,4471.99,4574.6,49757097984
2019-06-15,4448.59,4566.13,4402.32,4519.08,41164406784
2019-06-14,4369.31,4494.79,4250.43,4448.03,43701510144
2019-06-13,4376.4,4493.91,4291.76,4370.64,43284729856
2019-06-12,4231.42,4422.46,4186.11,4377.27,43501285376
2019-06-11,4262.77,4306.03,4111.08,4229.9,39077101568
2019-06-10,4056.5,4293.6,3994.74,4260.21,42933903360
2019-06-09,4234.93,4260.06,3981.38,4057.97,38273400832
2019-06-08,4295.07,4348.73,4152.6,4237.17,38251642880
2019-06-07,4190.88,4375.56,4145.67,4295.4,43901296640
2019-06-06,4172.22,4267.91,3981.67,4190.64,43719831552
2019-06-05,4122.32,4252.75,4046.39,4174.02,47423909888
2019-06-04,4367.38,4396.75,3993.91,4121.09,55020482560
2019-06-03,4639.77,4721.17,4316.29,4369.32,51060854784
2019-06-02,4537.56,4711.44,4508.66,4640.73,45913194496
2019-06-01,4576.13,4666.48,4448.88,4534.57,51852570624
2019-05-31,4367.01,4593.91,4259.95,4575.48,56823283712
2019-05-30,4580.69,4888.16,4254.57,4366.28,67925254144
2019-05-29,4484.19,4680.13,4296.52,4583.12,52830375936
2019-05-28,4477.65,4566.9,4354.73,4485.14,54670770176
2019-05-27,4306.34,4571.91,4272.21,4480.98,63924547584
2019-05-26,4045.16,4345.24,3951.53,4306.27,54088302592
2019-05-25,4029.64,4122.16,3983.66,4045.36,45092900864
2019-05-24,3956.42,4137.09,3898.43,4027.23,52951330816
2019-05-23,3886.62,3991.89,3746,3956.5,49301377024
2019-05-22,4083.58,4146.62,3848.9,3889.29,50200940544
2019-05-21,3998.5,4211.82,3916.51,4084.79,52239020032
2019-05-20,4132.99,4140.96,3837.56,3999.09,50872324096
2019-05-19,3721.05,4181.95,3703.77,4132.44,56285646848
2019-05-18,3784.33,3864.53,3667.83,3722.32,46427103232
2019-05-17,4048.36,4096.82,3557.96,3780.24,68584812544
2019-05-16,4156.93,4417.2,3889.55,4047.62,79451021312
2019-05-15,3779.04,4188.74,3746.49,4161.25,64478298112
2019-05-14,3527.1,3866.79,3479.72,3778.44,68709609472
2019-05-13,3287.5,3647.05,3256.39,3527.86,56832196608
2019-05-12,3418.09,3535.48,3212.97,3287.15,57865752576
2019-05-11,3048.17,3532.85,3034.77,3416.69,61953961984
2019-05-10,2968.41,3093.86,2923.94,3047.74,39101452288
2019-05-09,3014.8,3070.8,2909.09,2967.8,32848889856
2019-05-08,2974.79,3041.64,2919.08,3014.22,31478046720
2019-05-07,2998.55,3107.99,2952.99,2974.17,37726265344
2019-05-06,2999.25,3053.36,2895.31,3000.12,34338390016
2019-05-05,3029.05,3053.54,2956.57,3000.2,30622609408
2019-05-04,3076.8,3145.68,2951.61,3028.84,36960157696
2019-05-03,2970.95,3134.02,2945.19,3077.63,38900330496
2019-05-02,2946.39,3010.18,2914.15,2971.42,30771570688
2019-05-01,2941.64,2995.18,2898.58,2945.89,29466257408
2019-04-30,2816.82,2958.6,2797.74,2941.74,31095259136
2019-04-29,2880.82,2915.96,2778.58,2815.76,29362604032
2019-04-28,2898.49,2938.76,2850.46,2880.58,26349191168
2019-04-27,2887.38,2938.74,2849.91,2897.02,26971803648
2019-04-26,2845.36,2942.19,2781.85,2887.13,35633602560
2019-04-25,2998.57,3057.94,2822.69,2842.6,32844027904
2019-04-24,3121.35,3147.48,2918.87,2998.11,38023151616
2019-04-23,3131.33,3237.64,3079,3122.51,34397810688
2019-04-22,3106.41,3173.27,3059.78,3131.2,30411165696
2019-04-21,3182.69,3211.7,3037.28,3107.37,30246002688
2019-04-20,3188.34,3233.19,3137.76,3182.93,28149633024
2019-04-19,3186.79,3231.46,3109.28,3187.75,30201165824
2019-04-18,3125.98,3232.06,3106.87,3186.61,30246842368
2019-04-17,3131.65,3178.32,3073,3125.99,27066077184
2019-04-16,3047.51,3150.63,3006.28,3131.96,25929433088
2019-04-15,3126.08,3193.13,2990.17,3047.47,29369868288
2019-04-14,3057.25,3150.82,3009.25,3125.8,23662430208
2019-04-13,3061.8,3111.03,3013.15,3057.58,24649738240
2019-04-12,3048.82,3109.54,2945.21,3062.32,30766893056
2019-04-11,3293.62,3311.92,2956.46,3049.91,39234572288
2019-04-10,3234.54,3376.33,3217.61,3293.51,35823681536
2019-04-09,3315.67,3336.59,3184.83,3235.11,34072641536
2019-04-08,3335.92,3427.76,3204.34,3315.82,41034166272
2019-04-07,3241.63,3386.67,3203.17,3334.72,38174851072
2019-04-06,3247.75,3366,3162.82,3242.45,37652054016
2019-04-05,3097.23,3288.31,3082.42,3247.47,38134050816
2019-04-04,3125.56,3266.36,2996.73,3097.19,42565496832
2019-04-03,3088.26,3461.98,2980.08,3125.05,57961009152
2019-04-02,2666.66,3114.67,2649.29,3087.3,48807452672
2019-04-01,2620.01,2698.5,2601.73,2666.53,22286966784
2019-03-31,2600.65,2643.42,2575.11,2620.93,20031553536
2019-03-30,2621.66,2745.91,2570.56,2623.22,22491594752
2019-03-29,2584.77,2657.02,2551.75,2624.17,24274946048
2019-03-28,2596.3,2619.68,2547.46,2585.06,20935454720
2019-03-27,2482.35,2605.46,2473.39,2596.99,25651437568
2019-03-26,2474.87,2497.51,2423.89,2483.05,22164926464
2019-03-25,2529.68,2548.09,2439.49,2475.61,22098812928
2019-03-24,2539.82,2568.79,2488.21,2527.95,20379906048
2019-03-23,2502.92,2566.03,2485.9,2540.89,20958005248
2019-03-22,2480.88,2540.41,2458.63,2504.45,20238983168
2019-03-21,2522,2562.13,2424.93,2483.4,23325181952
2019-03-20,2503.71,2539.34,2451.41,2521.75,22108733440
2019-03-19,2474.73,2521.23,2453.55,2502.82,20206903296
2019-03-18,2475.09,2521.25,2440.5,2474.77,21476997120
2019-03-17,2498.17,2510.45,2445.76,2473.2,17713264640
2019-03-16,2430.08,2527.35,2424.65,2498.73,22103277568
2019-03-15,2384.2,2449.9,2371.39,2429.42,20189663232
2019-03-14,2356.95,2419.78,2337.7,2385.29,23189782528
2019-03-13,2366.52,2398.98,2328.8,2358.48,20097615872
2019-03-12,2323.7,2384.6,2276.46,2364.43,20903133184
2019-03-11,2356.17,2386.83,2294.12,2322.29,21405884416
2019-03-10,2360.66,2388.94,2314.62,2356.29,20438972416
2019-03-09,2295.03,2389.91,2285.49,2357.97,23036954624
2019-03-08,2333.61,2367.62,2269.63,2297.14,22217127936
2019-03-07,2316.76,2369.78,2297.1,2330.8,21138964480
2019-03-06,2309.69,2341.05,2268.44,2317.06,20679698432
2019-03-05,2170.52,2321.21,2152.14,2309.16,22333294592
2019-03-04,2243.75,2257.43,2129.69,2169.79,19090982912
2019-03-03,2264.48,2285.93,2228.49,2244.83,15152706560
2019-03-02,2267.58,2299.79,2229.98,2264.47,16396972032
2019-03-01,2252.69,2314.4,2242.27,2270.55,16502416384
2019-02-28,2249.95,2290.92,2231.4,2252.86,18300813312
2019-02-27,2268.42,2299.62,2196.66,2249.42,18147815424
2019-02-26,2284.34,2318.78,2230.16,2266.89,17555771392
2019-02-25,2212.75,2331.42,2196.26,2286.78,21189879808
2019-02-24,2475.15,2561.45,2186.31,2218.65,25685659648
2019-02-23,2354.18,2485.63,2325.63,2472.71,19786842112
2019-02-22,2314.74,2370.26,2302.94,2359.05,16795845632
2019-02-21,2381.01,2391.61,2291.89,2315.3,17255114752
2019-02-20,2314.06,2391.31,2281.68,2381.08,19813134336
2019-02-19,2288.98,2396.98,2271.82,2316.7,22887153664
2019-02-18,2118.85,2317.35,2113.53,2286.53,22424283136
2019-02-17,2072.85,2134.42,2055.94,2118.38,15585136640
2019-02-16,2069.14,2104.74,2055.61,2073.87,12753730560
2019-02-15,2048.98,2103.98,2037.46,2069.29,13435487232
2019-02-14,2072.47,2092.82,2030.17,2047.57,13846305792
2019-02-13,2089.62,2124.52,2052.56,2073.6,14252506112
2019-02-12,2069.12,2107.89,2037.1,2089.15,14193286144
2019-02-11,2111.86,2128.58,2045.71,2070.57,14270976000
2019-02-10,2077.52,2121.22,2031.39,2109.75,14122678272
2019-02-09,2072.56,2104.69,2043.29,2077.46,13703050240
2019-02-08,1882.45,2095.36,1870.44,2073.02,16957160448
2019-02-07,1877.45,1916.56,1861.76,1881.22,10429656064
2019-02-06,1918.24,1940.37,1844.2,1877.22,11688045568
2019-02-05,1920.25,1945.11,1896.39,1915.58,10879820800
2019-02-04,1918.57,1954.44,1899.93,1923.73,11132196864
2019-02-03,1958.22,1966.05,1900.91,1916.77,10898500608
2019-02-02,1929.3,1966.96,1911.2,1960.15,10978221056
2019-02-01,1917.92,1950.4,1878.48,1931.15,11776594944
2019-01-31,1963.83,1999.34,1900.12,1916.25,12454042624
2019-01-30,1909.1,1985.76,1889.38,1963.92,12909233152
2019-01-29,1928.45,1947.33,1871.48,1912.19,12544649216
2019-01-28,2044.33,2050.34,1874.89,1926.86,15868282880
2019-01-27,2078.72,2099.82,2022.75,2044.07,11984723968
2019-01-26,2079.97,2118.35,2059.58,2077.98,10787307520
2019-01-25,2084.76,2103.25,2054.18,2080.18,11124706304
2019-01-24,2075.4,2102.09,2048.95,2081.16,10992274432
2019-01-23,2085.54,2111.93,2050.22,2075.83,11298123776
2019-01-22,2050.17,2103.81,2015.89,2085.79,11297615872
2019-01-21,2058.77,2077.37,2025.8,2050.6,10543441920
2019-01-20,2133.81,2151.41,2035.8,2057.42,11526011904
2019-01-19,2095.9,2165,2083.94,2135.84,12541334528
2019-01-18,2124.9,2134.15,2072.81,2093.44,10701180928
2019-01-17,2104.89,2138.28,2069.75,2125.28,11500200960
2019-01-16,2072.41,2135.15,2062.69,2105.66,11283972096
2019-01-15,2140.37,2159.11,2051.18,2073.34,11599506432
2019-01-14,2007.09,2163.01,1993.78,2139.1,12117744640
2019-01-13,2111.57,2137.24,1987.2,2003.56,10103929856
2019-01-12,2123.66,2156.87,2085.64,2111.88,10175458304
2019-01-11,2122.13,2172.98,2084.53,2123.34,11906722816
2019-01-10,2416.81,2478.75,2088.16,2129.3,15803196416
2019-01-09,2385.76,2457.93,2368.72,2415.8,10903794688
2019-01-08,2362.85,2442.17,2320.96,2383.85,11154071552
2019-01-07,2416.8,2443.12,2344.51,2359.88,11289482240
2019-01-06,2296.54,2439.86,2273.54,2415.7,12566373376
2019-01-05,2288.14,2353.99,2272.89,2298.61,11816125440
2019-01-04,2266.31,2325.37,2228.16,2291.98,10802776064
2019-01-03,2358.32,2368.34,2249.4,2267.81,9839080448
2019-01-02,2270.77,2377.58,2239.11,2360.7,15981341696
2019-01-01,2224.45,2315.58,2200.06,2305.54,12263848960
2018-12-31,2279.71,2292.46,2159.4,2179.2,13118545920
2018-12-30,2301.15,2351.78,2264.45,2323.28,13965111296
2018-12-29,2364.84,2414.5,2289.29,2303.58,15717355520
2018-12-28,2125.12,2384.02,2101.46,2357.91,17021555712
2018-12-27,2322.72,2341.06,2109.5,2123.81,14939808768
2018-12-26,2296.77,2388.57,2235.35,2323.14,16250462208
2018-12-25,2477.75,2480.36,2219.91,2295.3,19284621312
2018-12-24,2407.84,2681.43,2385.67,2472.66,24403331072
2018-12-23,2333.85,2470.47,2313.32,2405.71,19232010240
2018-12-22,2263.83,2348.12,2205.97,2328.32,15817138176
2018-12-21,2353.9,2464.6,2201.16,2263.63,21228910592
2018-12-20,2093.05,2398.53,2078.41,2362.58,25161060352
2018-12-19,2087.04,2271.32,2051.77,2102.35,19286362112
2018-12-18,1963.89,2084.48,1921.14,2077.55,16573810688
2018-12-17,1760.27,2010.1,1741.94,1963.78,14836624384
2018-12-16,1734.38,1803.26,1728.16,1758.97,9721605120
2018-12-15,1734.39,1767.03,1695.23,1734.39,9055307776
2018-12-14,1799.8,1817.48,1706.97,1734.35,10867386368
2018-12-13,1877.02,1905.13,1770.76,1800.28,10977754112
2018-12-12,1836.33,1914.08,1824.37,1875.42,10529462272
2018-12-11,1880.29,1907.92,1809.36,1838.21,12040334336
2018-12-10,1957.8,1985.11,1859.15,1883.46,12587495424
2018-12-09,1850.79,1975.13,1838.66,1923.93,12949688320
2018-12-08,1871.68,1954.05,1800.74,1888.61,13959422976
2018-12-07,1898.38,1932.36,1739.55,1871.39,17877280768
2018-12-06,2093.71,2148.82,1897.15,1901.16,15007607808
2018-12-05,2236.39,2251.84,2088.88,2095.14,13281975296
2018-12-04,2213.93,2323,2158.21,2234.01,12605537280
2018-12-03,2373.03,2380.91,2180.68,2217.22,12734899200
2018-12-02,2397.69,2463.46,2344.4,2368.48,13019301888
2018-12-01,2310.65,2459.33,2268.49,2403.85,13766917120
2018-11-30,2447.05,2474.95,2251.59,2306.46,15232637952
2018-11-29,2478.11,2549.83,2358.18,2442.37,16495193088
2018-11-28,2232.99,2553.37,2229.66,2469.86,18508642304
2018-11-27,2197.46,2273.39,2115.4,2232.21,15523901440
2018-11-26,2330.05,2408.76,2115.2,2203.01,17075980288
2018-11-25,2289.79,2389.05,2057.31,2330.21,18959194112
2018-11-24,2535.7,2596.17,2227.93,2289.91,12993896448
2018-11-23,2573.81,2604.32,2447.65,2533.86,14158914560
2018-11-22,2753.61,2777.92,2579.38,2583.36,12281331712
2018-11-21,2644.79,2796.02,2553.16,2751.56,16906332160
2018-11-20,2962.52,3038.59,2498.13,2631.22,22587969536
2018-11-19,3423.33,3442.9,2937.94,2966.01,19856920576
2018-11-18,3383.33,3480.95,3366.99,3424.85,12397820928
2018-11-17,3378.59,3416.88,3317.74,3377.44,12226186240
2018-11-16,3453.54,3487.95,3331.39,3376.97,14323305472
2018-11-15,3488.69,3541.46,3216.43,3454.82,19881289728
2018-11-14,3891.95,3919.84,3321.16,3485.89,20270168064
2018-11-13,3960.6,4007.7,3872.33,3899.46,12469586944
2018-11-12,3980.06,4047.03,3898.96,3963.6,12120606720
2018-11-11,3988.74,4018.14,3900.41,3972.72,11278639104
2018-11-10,3955.34,4023.93,3936.8,3989.86,10534969344
2018-11-09,4004.27,4059.57,3928.42,3956.77,12068353024
2018-11-08,4128.95,4160.84,3988.34,4007.82,12938934272
2018-11-07,4178.81,4225.4,4087.82,4131.09,14108199936
2018-11-06,3997.59,4176.55,3972.21,4157.32,14189716480
2018-11-05,3944.6,4045.94,3911.37,3990.64,12031142912
2018-11-04,3838.57,4010.74,3795.73,3952.9,13429181440
2018-11-03,3846.28,3871.11,3806.11,3836.78,9558247424
2018-11-02,3792.83,3870.63,3774,3846.49,10935326720
2018-11-01,3747.06,3888.89,3730.64,3791.33,9478321152
2018-10-31,3746.24,3778.73,3690.51,3746.34,10363786240
2018-10-30,3735.85,3774.1,3708.98,3742.24,9323387904
2018-10-29,3886.38,3906.3,3704.94,3735.09,10580892672
2018-10-28,3870.09,3913.12,3842.2,3892.32,8261476864
2018-10-27,3886.87,3917.57,3843.01,3862.57,8146580992
2018-10-26,3889.15,3918.79,3847.35,3886.99,8379570688
2018-10-25,3923.35,3938.27,3867.33,3893.97,7920465920
2018-10-24,3935.56,3985.02,3896.89,3925.81,8333197824
2018-10-23,3926.25,3995.26,3868.17,3940.95,9381531648
2018-10-22,3924.16,3982.52,3885.95,3927.67,9321899008
2018-10-21,3929.78,3991.64,3899.91,3926.98,8881015808
2018-10-20,3900.8,3953.35,3879.93,3929.15,8794713088
2018-10-19,3891.65,3933.42,3849.6,3899.82,9364153344
2018-10-18,3960.26,4007.4,3849.82,3892.22,10506928128
2018-10-17,3984.48,4042.02,3896.2,3958.1,11081293824
2018-10-16,3953.78,4036.55,3904.92,3979.56,10872529920
2018-10-15,3738.64,4128.7,3695.15,3952.14,20738775040
2018-10-14,3788.35,3843.74,3727.44,3742.58,8294085120
2018-10-13,3768.38,3833.1,3748.02,3788.18,8317136896
2018-10-12,3668.91,3847.32,3652,3771.61,11459078144
2018-10-11,4161.84,4176.69,3663.99,3687.7,14902746112
2018-10-10,4213.22,4231.03,4108.85,4165.69,10654856192
2018-10-09,4268.03,4296.08,4168.14,4220.91,10059051008
2018-10-08,4192.21,4315.58,4157.53,4263.52,11428781056
2018-10-07,4161.32,4225.31,4100.69,4187.35,10230959104
2018-10-06,4212.04,4244.23,4112.64,4152.89,10132041728
2018-10-05,4156.76,4232.81,4116.35,4208.44,10593049600
2018-10-04,4119.99,4232.33,4100.38,4154.63,11083873280
2018-10-03,4173.78,4201.55,4048.13,4116.96,12012226560
2018-10-02,4240.45,4301.5,4145,4184.31,11808471040
2018-10-01,4269.21,4325.86,4157.15,4240.27,13082782720
2018-09-30,4257.16,4346.08,4190.83,4269.51,13525279744
2018-09-29,4211.05,4315.6,4100.73,4255.71,13867141120
2018-09-28,4282.5,4361.83,4148.83,4217.01,14830706688
2018-09-27,4064.23,4336.77,4024.04,4275.46,14870614016
2018-09-26,4041.95,4218.99,3925.25,4065.43,14451613696
2018-09-25,4102,4162.86,3832.27,4047.83,14971179008
2018-09-24,4341.13,4381.86,4066.61,4110.25,12470952960
2018-09-23,4267.34,4448.57,4215.74,4343.56,12749426688
2018-09-22,4343.28,4434.96,4085.93,4259,14970142720
2018-09-21,4001.71,4595.8,3942.87,4334.12,22759690240
2018-09-20,3706.02,4046.8,3675.06,3994.57,12662982656
2018-09-19,3689.43,3766.4,3573.28,3702.76,11648484352
2018-09-18,3538.85,3749.16,3500.41,3692.41,11708043264
2018-09-17,3777.28,3819.66,3506.37,3545.67,11449441280
2018-09-16,3777.72,3805.11,3676.41,3773.05,9156416512
2018-09-15,3723.07,3839.48,3702.17,3781.37,9216356352
2018-09-14,3752.1,3852.77,3646.42,3731.65,11873532928
2018-09-13,3557.7,3801.48,3541.79,3746.96,12525690880
2018-09-12,3572.75,3607.61,3378.31,3552.38,11370945536
2018-09-11,3678.53,3731.76,3486.58,3569.95,10251677696
2018-09-10,3696.83,3765.91,3607.11,3667.31,9879141376
2018-09-09,3648.61,3822.37,3571.89,3684.69,10201567232
2018-09-08,3853.71,3933.5,3603.55,3647.83,10092895232
2018-09-07,3950.51,4016.95,3795.93,3852.62,11486594048
2018-09-06,3951.83,4015.34,3735.19,3955.24,14846745600
2018-09-05,4601.37,4663.55,3956.75,3959.78,16042141696
2018-09-04,4545.65,4687.92,4510.08,4599.18,11570421760
2018-09-03,4568.68,4641.23,4456.1,4547.39,10898748416
2018-09-02,4583.58,4659.67,4449.94,4558.21,11777867776
2018-09-01,4377.31,4655.14,4364.05,4582.35,11849447424
2018-08-31,4314.86,4411.01,4240.61,4375.97,11678315520
2018-08-30,4392.59,4432.54,4160.97,4315.42,11711489024
2018-08-29,4484,4551.96,4317.42,4391.75,11903115264
2018-08-28,4293.15,4533.15,4244.24,4488.96,12530221056
2018-08-27,4054.26,4306.61,4017.32,4290.72,10998137856
2018-08-26,4077.13,4123.96,3949.01,4054.55,8613284864
2018-08-25,4055.59,4129.57,3997.96,4075.58,8608623616
2018-08-24,3961.41,4075.93,3889.61,4054.08,10875267072
2018-08-23,3839.39,3977.72,3814.53,3960.13,9329684480
2018-08-22,3984.65,4207.84,3764.82,3836.28,12261846016
2018-08-21,3854.76,4034.86,3829.48,3979.92,9200793600
2018-08-20,4137.85,4203.56,3847.6,3865.55,10469833728
2018-08-19,4030.44,4209.88,3956.51,4133.84,10298845184
2018-08-18,4328.09,4406.12,3905.98,4031.31,12621299712
2018-08-17,3834.08,4352.78,3820.22,4326.55,15027108864
2018-08-16,3754.93,3956.39,3709.65,3837.28,11613663232
2018-08-15,3716.74,3993.2,3685.39,3756.41,13124887552
2018-08-14,3795.02,3811.31,3435.46,3694.77,14239665152
2018-08-13,4072.55,4197.06,3766.49,3796.51,11159793664
2018-08-12,4056.52,4168.95,4009.57,4067.18,13777924096
2018-08-11,4171.99,4229.78,3917.31,4064.01,11239655424
2018-08-10,4487.37,4534.05,4112.01,4171.51,12017788928
2018-08-09,4306.87,4576.72,4243.82,4491.12,11550349312
2018-08-08,4764.17,4782.43,4227.84,4297.82,14195198976
2018-08-07,5012.38,5155.57,4741.42,4766.92,12796379136
2018-08-06,5125.36,5224.79,4940.78,5010.33,10438693888
2018-08-05,5032.86,5167.66,4967.06,5123.75,9661092864
2018-08-04,5263.95,5334.58,4975.59,5031.39,10811521024
2018-08-03,5261.1,5349.05,5052.21,5264.78,12201226240
2018-08-02,5362,5439.57,5148.06,5260.91,10937706496
2018-08-01,5543.82,5603.97,5298,5365.88,12864552960
2018-07-31,5845.53,5866.12,5449.48,5548.98,13436600320
2018-07-30,6016.99,6034.58,5681.89,5851.87,15718867968
2018-07-29,6021.72,6108.61,5918.99,6010.9,11216059392
2018-07-28,6015.43,6076.62,5911.3,6003.95,10712074240
2018-07-27,5897.68,6089.22,5770.67,6006.39,13499077632
2018-07-26,6042.99,6221.83,5820.71,5901.58,12659028992
2018-07-25,6055.01,6217.67,5890.55,6044.14,15172298752
2018-07-24,5718.47,6140.39,5639.3,6091.67,18501611520
2018-07-23,5710.28,5962.53,5628.23,5713,12786931712
2018-07-22,5756.62,5895.53,5662.5,5713.81,10002796544
2018-07-21,5631.82,5830.41,5521.09,5763.88,10262027264
2018-07-20,5969.81,6012.02,5574.94,5635.68,13580281856
2018-07-19,6035.15,6157.35,5852.24,5975.26,14501875712
2018-07-18,6089.35,6387.38,5899.77,6043.89,17329809408
2018-07-17,5732.03,6182.56,5598.56,6094.23,16073894912
2018-07-16,5336.59,5750.79,5286.47,5743.49,12775983104
2018-07-15,5204.79,5402.15,5168.61,5333.99,8896458752
2018-07-14,5194.02,5264.63,5112.41,5208.03,7848238592
2018-07-13,5119.79,5322.32,5083.67,5193.31,10459595776
2018-07-12,5284.59,5296.73,4992.76,5109.07,10234258432
2018-07-11,5217.08,5363.98,5138.01,5284.77,10409148416
2018-07-10,5627.54,5662.23,5199.23,5217.69,12117328896
2018-07-09,5799.27,5854.73,5614.35,5635.38,10578432000
2018-07-08,5913.65,6002.9,5770.91,5799.86,9553278976
2018-07-07,5754.44,5931.02,5593.9,5917.44,10513682432
2018-07-06,5800.85,5860.37,5540.17,5757.25,11611295744
2018-07-05,5870.88,6007.31,5681.44,5802.23,14080578560
2018-07-04,5757.45,6078.86,5637.16,5861.11,12008599552
2018-07-03,5872.4,6092.71,5705.11,5753.92,13133143040
2018-07-02,5533.55,5968.02,5427.92,5879.19,12683630592
2018-07-01,5526.62,5618.67,5370.52,5533.59,13297342464
2018-06-30,5315.71,5634.22,5302.24,5520.04,12115529728
2018-06-29,5066.72,5368.71,4942.65,5301.27,11050743808
2018-06-28,5357.43,5403.33,5020.12,5062.46,9752958976
2018-06-27,5228.43,5407.8,5156.07,5358,9452824576
2018-06-26,5539.2,5579.29,5224.97,5235.79,9160548352
2018-06-25,5416.36,5649.52,5330.34,5537.51,16733570048
2018-06-24,5594.35,5637.44,5023.24,5426.72,15329040384
2018-06-23,5553.49,5705.94,5451.63,5589.46,10371075072
2018-06-22,6263.36,6286.08,5431.93,5549.45,15284369408
2018-06-21,6326.23,6430.87,6197.43,6263.83,9895387136
2018-06-20,6392.91,6436.19,6131.82,6326.52,10949621760
2018-06-19,6307.94,6493.24,6234.9,6386.99,11286224896
2018-06-18,6119.5,6386.76,5986.51,6304.92,10756232192
2018-06-17,6165.84,6257.33,6089.88,6126.31,8234233856
2018-06-16,6085.27,6226.96,5999.98,6163.14,9029302272
2018-06-15,6394.84,6419.21,6053.76,6098.55,11298556928
2018-06-14,5982.55,6467.9,5893.91,6397.39,15224978432
2018-06-13,6247.97,6307.4,5772.19,5979.49,14441899008
2018-06-12,6697.43,6781.46,6139.92,6237.58,13330257920
2018-06-11,6574.69,6755.23,6369.37,6707.79,13925345280
2018-06-10,7490.35,7493.87,6391.97,6580.79,17644081152
2018-06-09,7653.44,7768.19,7499.05,7503.72,10509273088
2018-06-08,7742.22,7806.19,7513.14,7649.94,11542257664
2018-06-07,7752.77,7927.89,7652.13,7740.51,12479014912
2018-06-06,7782.74,7884.89,7543.82,7743.94,12647915520
2018-06-05,7600.78,7834.53,7379.91,7776.3,13903121408
2018-06-04,7961.27,8071.75,7477.09,7596.15,14272814080
2018-06-03,7754.78,8096.34,7686.29,7938.91,14254416896
2018-06-02,7469.69,7875.57,7401.13,7758.54,15877763072
2018-06-01,7405.59,7567.71,7253.51,7469.1,13103228928
2018-05-31,7212.89,7562.95,7142.53,7400.54,13876785152
2018-05-30,7308.81,7520.28,7051.42,7227.59,13582675968
2018-05-29,6879.1,7559.56,6781.58,7425.51,16268416000
2018-05-28,7423.44,7498.47,6794.24,6834.79,14286780416
2018-05-27,7504.79,7541.63,7309.02,7421.62,10877462528
2018-05-26,7572.78,7769.38,7435.14,7505.92,10950607872
2018-05-25,7817.43,7902.61,7442.35,7578.61,13506796544
2018-05-24,7523.99,7935.51,7254.54,7802.81,17661689856
2018-05-23,8187.93,8265.54,7369.26,7523.66,18166253568
2018-05-22,8784.3,8828.47,8146.35,8187.94,13643156480
2018-05-21,9020.4,9109.95,8671.29,8781.79,13778970624
2018-05-20,8655.13,9095.63,8573.56,9006.98,14261293056
2018-05-19,8711.8,8883.25,8513.88,8648.92,12855943168
2018-05-18,8424.15,8791.22,8230.59,8708.72,15923181568
2018-05-17,8912.99,9126.07,8358.32,8436.46,16059310080
2018-05-16,9033.64,9119.49,8542.93,8896.03,17825214464
2018-05-15,9373.81,9648.54,8924.36,9052.59,17883025408
2018-05-14,9433.43,9676.9,8846.41,9377.18,20590934016
2018-05-13,9023.42,9567.28,8838.2,9438.41,16784785408
2018-05-12,8833.72,9255.13,8311.34,9013.46,21868474368
2018-05-11,9708.4,9820.62,8603.85,8825.62,25741899776
2018-05-10,10242.1,10430.3,9699.19,9714.26,18036037632
2018-05-09,10287.2,10438,9775.4,10235.3,18907496448
2018-05-08,10469.2,10747.5,10061.1,10299.7,19305709568
2018-05-07,10830.2,10897.6,10031.8,10448.4,22725365760
2018-05-06,11054,11304.2,10473.1,10820,21672667136
2018-05-05,10830.7,11299.3,10725.5,11055.7,21446105088
2018-05-04,10910.6,11138.1,10526.3,10833.4,22892040192
2018-05-03,10499.7,11183,10305.4,10930.1,27737810944
2018-05-02,10229.1,10594.5,10067.4,10497,21072148480
2018-05-01,10180.3,10333.5,9629.75,10239.4,22835617792
2018-04-30,10661.2,10813.6,9992.68,10168.5,26338187264
2018-04-29,10324.2,10902,10047.1,10655.9,28473618432
2018-04-28,9502.82,10427.2,9492.19,10254,22373482496
2018-04-27,9828.72,10150.1,9405.99,9530.89,21728731136
2018-04-26,9121.31,9909.93,8846.57,9830.44,24162834432
2018-04-25,10215.5,10378,8783.62,9096.76,33566947328
2018-04-24,9427.33,10498.2,9392.05,10257,31069673472
2018-04-23,8984.65,9523.49,8950.83,9418.43,18421800960
2018-04-22,8957.66,9334.35,8759.56,9002.43,17463912448
2018-04-21,9195.35,9348.31,8458.73,8978.39,20670601216
2018-04-20,8439.76,9275.46,8281.09,9184.99,23013994496
2018-04-19,8030.57,8501.13,7935.91,8436.02,16932458496
2018-04-18,7466.87,8101.57,7422.86,8018,15271882752
2018-04-17,7557.03,7885.94,7347.95,7457.5,16408082432
2018-04-16,7678.85,7877.78,7201.43,7554.72,13925556224
2018-04-15,7237.75,7737.92,7192.46,7681.02,13068095488
2018-04-14,7117.43,7436.54,6986.43,7217.29,12506518528
2018-04-13,7159.12,7708.19,6939.5,7128.34,19548403712
2018-04-12,6312.98,7225.22,6118.32,7157.05,22156900352
2018-04-11,6016.3,6379.43,5950.74,6316.49,12001388544
2018-04-10,5897.03,6071.48,5784.21,6010.4,9269529600
2018-04-09,6013.22,6269.88,5734.98,5887.09,10631796736
2018-04-08,5871.78,6082.79,5833.42,6003.55,7395304960
2018-04-07,5648.86,6016.8,5628.38,5869.18,8370867712
2018-04-06,5831.59,5932.21,5534.19,5647.54,8702090240
2018-04-05,5791.62,6030.27,5543.96,5843.9,12584049664
2018-04-04,6409.15,6474.62,5703.72,5785.35,10768077824
2018-04-03,5935.86,6542.45,5879.44,6430.98,12142850048
2018-04-02,5663.25,6042.82,5605.42,5923.09,9462218752
2018-04-01,5887.16,5980.18,5366.18,5652.68,10131234816
2018-03-31,5874.26,6197.36,5760.91,5874.29,10024701952
2018-03-30,5941.71,6172.95,5589.03,5857.54,14150841344
2018-03-29,6718.57,6755.19,5883.01,5947.64,14411816960
2018-03-28,6618.57,6955.96,6547.61,6706.97,11150396416
2018-03-27,6997.7,7105.89,6493.25,6623.27,12636923904
2018-03-26,7423.74,7498.36,6654.8,7004.33,13215723520
2018-03-25,7454.98,7666.09,7290.82,7423.78,9806081024
2018-03-24,7631.93,7921.37,7397.71,7514.36,12334786560
2018-03-23,7561.78,7708.33,7094.47,7591.1,13394025472
2018-03-22,7761.7,8008.77,7252.85,7567.11,13362782208
2018-03-21,7784.64,8151.35,7524.48,7754.05,14653053952
2018-03-20,7515.71,8003.89,7105.93,7755.15,16083185664
2018-03-19,6989.99,7582.98,6738.54,7517.86,16329711616
2018-03-18,6742.46,7014.97,5899.33,6916.44,15925268480
2018-03-17,7293.89,7371.03,6651.14,6757.47,9797763072
2018-03-16,7367.98,7625.72,7030.01,7293.87,11384398848
2018-03-15,7441.02,7607.44,6834.28,7354.11,14761313280
2018-03-14,8401.1,8600.45,7219.28,7422.35,13560070144
2018-03-13,8335.28,8688.81,8089.65,8387.25,12211296256
2018-03-12,8710.48,8971.29,8117.06,8361.21,13394763776
2018-03-11,8132.15,8855.69,7876.23,8707.58,13602011136
2018-03-10,8663.29,8901.5,8088,8148.83,12337659904
2018-03-09,8501.14,8749.06,7614.46,8637.58,19168352256
2018-03-08,9066.56,9346.06,8378.65,8518.02,15625184256
2018-03-07,9888.27,10072.9,8617.83,9070.57,18634391552
2018-03-06,10487.2,10577.5,9749.38,9884.93,15112238080
2018-03-05,10694.3,10941.7,10407.4,10523,15656736768
2018-03-04,10511.3,10803,10198.6,10689.1,13786889216
2018-03-03,10509.1,10844.1,10306.3,10516.9,14244581376
2018-03-02,10659,10887.7,10284.2,10512.2,15720078336
2018-03-01,10214.1,10885.9,10052.2,10656.9,15569979392
2018-02-28,10728.9,10993.7,10176.4,10213.9,0
2018-02-27,10619.7,11039.8,10415.8,10752.5,0
2018-02-26,10163.8,10798.5,9908.49,10574.4,0
2018-02-25,10161,10439.5,9761.08,10146,0
2018-02-24,10593.4,10954.7,9839.53,10185.4,0
2018-02-23,10036.3,10876.2,9730.05,10606.3,0
2018-02-22,10785.2,11213.3,9878.11,10087.2,0
2018-02-21,11376.1,11705.5,10532.8,10814,0
2018-02-20,11961.5,12448.6,11302.3,11419.6,0
2018-02-19,11461.5,12139.6,11414.8,11955.6,0
2018-02-18,12298,12465,11222,11471.7,0
2018-02-17,11729,12461,11598.4,12299,0
2018-02-16,11495.1,11933.6,11125.3,11743.2,0
2018-02-15,11130.8,11718,10898.2,11522.8,0
2018-02-14,10052.4,11272.2,9996.3,11147.5,0
2018-02-13,10340.4,10484.7,9732.68,10058.2,0
2018-02-12,9607.98,10539.7,9585.63,10332.4,0
2018-02-11,10227.7,10303.1,9155.35,9554.94,0
2018-02-10,10419.1,11389.2,9701.52,10241.5,0
2018-02-09,9487.49,10523.3,9055.04,10433.2,0
2018-02-08,8520.46,9791.36,8498.19,9491.45,0
2018-02-07,8892.45,9623.53,8126.7,8506.34,0
2018-02-06,7836.37,9058.5,6481.57,8932.47,0
2018-02-05,9420.41,9635.9,7340.02,7742.99,0
2018-02-04,10713.2,11047.2,9058.8,9424.25,0
2018-02-03,10181.5,11206.3,9126,10737.5,0
2018-02-02,10872.5,10945,8033.34,10127.6,0
2018-02-01,12618.6,12822.4,10324.2,10898.1,0
2018-01-31,12276,12953.9,11547.5,12596,0
2018-01-30,14065,14153.4,12068.1,12282.5,0
2018-01-29,14612,14815.1,13686.1,14004.9,0
2018-01-28,13769.5,14908.2,13673.9,14619.6,0
2018-01-27,13359.2,14042.8,13033.1,13719.2,0
2018-01-26,13456.8,14032.1,12291.4,13356.2,0
2018-01-25,13650.7,14190.9,13134,13495.9,0
2018-01-24,12986.7,13961.2,12579.7,13532.8,0
2018-01-23,13048.3,13656.7,11893.6,12957.1,0
2018-01-22,13918,14500.1,11994.8,13080.6,0
2018-01-21,15692.8,15785,13349.2,13822.3,0
2018-01-20,14291.2,16056.6,14163.6,15671.4,0
2018-01-19,13973.4,15046.3,13403.9,14196.4,0
2018-01-18,13519.5,15295.5,12899.4,14095.5,0
2018-01-17,13322.5,14454.7,10082.4,13536.3,0
2018-01-16,17353.9,17521.3,10938.1,13369.5,0
2018-01-15,17960.5,18990.2,16896.6,17345.8,0
2018-01-14,18855.4,19494.8,16954.6,17967.6,0
2018-01-13,17926.9,19874.3,17572.4,18896.5,0
2018-01-12,16488.8,18441.1,15939,17907,0
2018-01-11,18297.7,18896.9,15330.3,16430.9,0
2018-01-10,18265.7,19132.1,16362.1,18285.2,0
2018-01-09,18455.3,19679.8,17088,18213.7,0
2018-01-08,20801,21565.7,16437,18484.8,0
2018-01-07,20138,22088.3,19276.8,20796.6,0
2018-01-06,19189.6,21136.8,18142.1,20142.1,0
2018-01-05,19186.5,21361.7,17628.5,19174.1,0
2018-01-04,18605.6,20913.5,17337.2,19097.9,0
2018-01-03,16867.9,19296.5,16249,18543.3,0
2018-01-02,15505.6,17643.8,15089.9,16902.6,0
2018-01-01,15111.7,16105.3,14296.9,15473.2,0
2017-12-31,13817.1,15526.9,13506.7,15107.2,0
2017-12-30,15354.9,16462.4,13273.1,14081.1,0
2017-12-29,13828.3,15882.3,13342,15375.1,0
2017-12-28,14413.5,14687.9,12610.3,13747.6,0
2017-12-27,14304.7,15357.5,13478.7,14437.7,0
2017-12-26,13620.5,14718.1,13236.6,14317.6,0
2017-12-25,13117.5,14246.2,12527.6,13612.7,0
2017-12-24,13698.5,13940.7,11392.5,13028.3,0
2017-12-23,12637.3,14711.5,12310.7,13623.9,0
2017-12-22,15075.8,15522.1,9438.53,12443.9,0
2017-12-21,14810.6,16596.2,13567.7,15003.4,0
2017-12-20,14356.7,15813.6,12892.5,14756.7,0
2017-12-19,13646.5,15607.8,12846.5,14357.4,0
2017-12-18,12245.1,14018.5,11636.6,13640,0
2017-12-17,11765.2,12854.3,11520.5,12217.8,0
2017-12-16,11224.4,12263.8,10970.4,11754.2,0
2017-12-15,11218.6,11784.5,10011,11207.5,0
2017-12-14,10157.4,11768.5,9779.33,11211.5,0
2017-12-13,10136.4,11023.4,9254.68,10182.3,0
2017-12-12,8843.82,10572.4,8632.71,10136,0
2017-12-11,7861.29,9123.6,7830.36,8824.11,0
2017-12-10,8206.73,8383.83,7092.96,7876.48,0
2017-12-09,8648.1,9133.18,7581.63,8204.7,0
2017-12-08,8068.08,9205.32,7147.79,8610.41,0
2017-12-07,7688.9,8553.06,7082.95,8068.58,0
2017-12-06,7508.55,8317.53,7036.84,7682.07,0
2017-12-05,7284.51,7770.6,7030.07,7520.48,0
2017-12-04,6869.49,7363.49,6683.69,7269.77,0
2017-12-03,6673.11,7276.1,6479.81,6870.8,0
2017-12-02,6592.26,6860.58,6441.92,6665.74,0
2017-12-01,6168.49,6668.63,5872.19,6595.38,0
2017-11-30,5994.34,6535.96,5561.36,6194.15,0
2017-11-29,6129.43,6990.44,5806.79,5979,0
2017-11-28,5998.87,6174.52,5931.34,6119.6,0
2017-11-27,5744.05,6018.76,5723.19,5995.97,0
2017-11-26,5407.45,5848.89,5388.54,5733.51,0
2017-11-25,5104.31,5429.15,5055.29,5408.74,0
2017-11-24,4990.69,5202.95,4900.15,5112.85,0
2017-11-23,5022.01,5112.23,4907.62,4975.18,0
2017-11-22,4900.45,5068.34,4898.04,5033.91,0
2017-11-21,4981.92,5066.74,4709.78,4896.87,0
2017-11-20,4872.01,5060.66,4817.29,4979.88,0
2017-11-19,4731.21,4927.89,4669.23,4870.64,0
2017-11-18,4675.2,4820.7,4541.15,4743.85,0
2017-11-17,4719.62,4853.81,4545.88,4680.41,0
2017-11-16,4463.83,4832.39,4328.98,4728.77,0
2017-11-15,4087.26,4497.66,4072.32,4460.87,0
2017-11-14,4050.23,4180.78,3972.26,4088.2,0
2017-11-13,3708.51,4227.43,3595.69,4049.99,0
2017-11-12,3892.31,4260.73,3426.44,3718.01,0
2017-11-11,4015.8,4228.87,3768.17,3926.22,0
2017-11-10,4286.69,4424.91,3858.83,4016.46,0
2017-11-09,4430.26,4447.66,4234.16,4270.18,0
2017-11-08,4248.92,4623.29,4225.38,4437.76,0
2017-11-07,4179.04,4318.49,4175.93,4251,0
2017-11-06,4395.02,4428.21,4166.48,4178.94,0
2017-11-05,4395.73,4518.91,4347.2,4397.29,0
2017-11-04,4265.31,4451.68,4176.22,4382.25,0
2017-11-03,4206.9,4441.36,4157.47,4288.24,0
2017-11-02,4025.68,4370.91,4007.08,4201.68,0
2017-11-01,3829.37,4027.96,3787.12,4020.61,0
2017-10-31,3809.02,3926.73,3738.47,3844.91,0
2017-10-30,3804.6,3895.2,3732.11,3813.21,0
2017-10-29,3657.07,3941.97,3620.26,3811.55,0
2017-10-28,3673.04,3759.76,3592.09,3660.49,0
2017-10-27,3683.83,3767.99,3601.5,3667.05,0
2017-10-26,3679.65,3783.73,3605.82,3683.63,0
2017-10-25,3646.73,3759,3516.73,3678.77,0
2017-10-24,3573.07,3856,3434.43,3644.8,0
2017-10-23,3663.46,3706.74,3448.54,3577.13,0
2017-10-22,3690.49,3776.88,3571.09,3669.46,0
2017-10-21,3734.99,3794.43,3574.77,3688.69,0
2017-10-20,3737.3,3899.25,3635.57,3741.07,0
2017-10-19,3741.15,3847.49,3643.2,3737.61,0
2017-10-18,3796.85,3846.88,3474.55,3741.06,0
2017-10-17,3856.21,3989.65,3655.85,3795.32,0
2017-10-16,3841.01,3992.96,3729.91,3854.03,0
2017-10-15,3899.3,3966.76,3678.96,3838.52,0
2017-10-14,3839.31,3987.95,3768.99,3895.85,0
2017-10-13,3692.46,3947.42,3589.9,3838.73,0
2017-10-12,3640.36,3833.33,3507.9,3687.84,0
2017-10-11,3576.45,3700.96,3538.12,3637.32,0
2017-10-10,3496.09,3688.39,3436.36,3572.06,0
2017-10-09,3585.43,3692.53,3333.39,3494.81,0
2017-10-08,3613.78,3737.9,3471.81,3586.78,0
2017-10-07,3587.12,3662.21,3517.11,3621.21,0
2017-10-06,3550.92,3660.28,3505.8,3586.26,0
2017-10-05,3493.38,3617.55,3395.62,3550.58,0
2017-10-04,3574.48,3647.33,3435.2,3491.67,0
2017-10-03,3647.96,3688.39,3462.1,3573.06,0
2017-10-02,3723.86,3779.33,3596.61,3646.37,0
2017-10-01,3727.44,3798.73,3613.22,3724.85,0
2017-09-30,3608.94,3790.24,3572.57,3727.83,0
2017-09-29,3673.07,3722.14,3431.37,3608.02,0
2017-09-28,3709.05,3853.83,3563.33,3671.31,0
2017-09-27,3393.8,3764.28,3380.39,3715.03,0
2017-09-26,3401.62,3498.89,3323.79,3401.04,0
2017-09-25,3189.9,3437.83,3174.78,3399.43,0
2017-09-24,3272.53,3307.98,3149.31,3191.44,0
2017-09-23,3095.89,3302.78,3055.45,3273.17,0
2017-09-22,3053.54,3201.1,2983.04,3097.61,0
2017-09-21,3335.67,3380.23,3006.6,3054.41,0
2017-09-20,3351.48,3468.27,3268.67,3345.79,0
2017-09-19,3529.41,3557.87,3282.97,3357.64,0
2017-09-18,3096.11,3556.4,3093.92,3524.67,0
2017-09-17,3091.16,3176.12,2904.68,3095.27,0
2017-09-16,3120.46,3297.22,2940.9,3098.47,0
2017-09-15,2706.93,3247.19,2389.69,3118.38,0
2017-09-14,3508.92,3576,2684.55,2695.31,0
2017-09-13,3712.45,3734.34,3323.83,3510.75,0
2017-09-12,3753.18,3964.84,3647.53,3717.13,0
2017-09-11,3701.99,3877.67,3616.16,3746.85,0
2017-09-10,3818.55,3858.97,3455.99,3700.87,0
2017-09-09,3855.03,3931.56,3705.82,3824.18,0
2017-09-08,4283.28,4396.03,3678.73,3858.48,0
2017-09-07,4330.44,4436.22,4128.51,4279.81,0
2017-09-06,4021.54,4402.54,3984.6,4335.67,0
2017-09-05,3799.75,4104.6,3450.92,4015.34,0
2017-09-04,4387,4402.42,3549.23,3794.07,0
2017-09-03,4379.51,4581.76,4152.42,4387.21,0
2017-09-02,4834.7,4951,4167.06,4365.23,0
2017-09-01,4631.64,4932.73,4516.73,4833.25,0
2017-08-31,4479.9,4751.23,4416.58,4650.55,0
2017-08-30,4367.59,4586.66,4223.42,4486.69,0
2017-08-29,4369.88,4530.35,4161.9,4375.34,0
2017-08-28,4332.2,4511.56,4099.14,4365.14,0
2017-08-27,4282.89,4509.39,4128.25,4325.01,0
2017-08-26,4091.74,4412.98,3979.92,4279.98,0
2017-08-25,4031.4,4260.28,3855.53,4094.53,0
2017-08-24,3964.04,4231.45,3833.71,4037.4,0
2017-08-23,3852.92,4223.29,3767.21,3955.59,0
2017-08-22,3763.29,3983.19,3436.26,3854.08,0
2017-08-21,3719.82,4025.28,3535.06,3758.55,0
2017-08-20,3658.72,3884.47,3558.87,3735.74,0
2017-08-19,3545.5,3799.94,3350.86,3671.05,0
2017-08-18,3671.52,3792.16,3374.61,3548.02,0
2017-08-17,3775.7,3887.75,3600.99,3677.03,0
2017-08-16,3649.49,3865.42,3517.51,3775.65,0
2017-08-15,3724,3845.88,3368.27,3647.27,0
2017-08-14,3647.2,3866.93,3497.48,3721.84,0
2017-08-13,3637.7,3869.74,3417.48,3639.85,0
2017-08-12,3603.4,3801.2,3456.41,3639.88,0
2017-08-11,3468.04,3717.83,3351.47,3604.5,0
2017-08-10,3406.74,3640.26,3298.07,3471.12,0
2017-08-09,3439.4,3557.39,3245.83,3407.75,0
2017-08-08,3292.53,3530.92,3205.91,3438.41,0
2017-08-07,3169.11,3376.68,3085.5,3293.27,0
2017-08-06,3181.08,3316.14,3071.75,3172.66,0
2017-08-05,2896.08,3247.19,2859.2,3178.56,0
2017-08-04,2857.49,2973.61,2786.29,2895.14,0
2017-08-03,2747.61,2904.79,2708.05,2854.08,0
2017-08-02,2728.73,2848.56,2640.02,2744.08,0
2017-08-01,2599.1,2816.71,2497.18,2727.45,0
2017-07-31,2556.77,2659.88,2486.39,2618.43,0
2017-07-30,2634.32,2670.03,2502.42,2556.33,0
2017-07-29,2595.63,2678.75,2445.25,2633.37,0
2017-07-28,2655.73,2742.35,2500.24,2600.8,0
2017-07-27,2604.82,2706.57,2557.06,2651.48,0
2017-07-26,2609.88,2688.88,2454.89,2593.58,0
2017-07-25,2889.93,2923.25,2479.21,2608.54,0
2017-07-24,2860.7,2954.2,2772.09,2887.05,0
2017-07-23,2957.78,3025.32,2731.64,2860.44,0
2017-07-22,2715.99,3011.22,2697.09,2957.05,0
2017-07-21,2781.39,2882.28,2631.68,2716.05,0
2017-07-20,2352.8,2852.15,2344.06,2767.38,0
2017-07-19,2539.49,2635.52,2288.16,2341.07,0
2017-07-18,2367.7,2699.94,2234.66,2535.01,0
2017-07-17,1983.09,2378.7,1957.67,2358.62,0
2017-07-16,2074.46,2150.09,1756.66,1973.39,0
2017-07-15,2348.57,2359.65,2045.52,2082.78,0
2017-07-14,2521.96,2537.89,2248.05,2348.48,0
2017-07-13,2684.48,2772.57,2430.39,2522.33,0
2017-07-12,2352.55,2699.61,2251.41,2674.16,0
2017-07-11,2484.53,2585.47,2203.23,2360.72,0
2017-07-10,2893.17,2925.08,2357.92,2506.61,0
2017-07-09,3033.31,3117.92,2875.53,2886.84,0
2017-07-08,2936.2,3099.69,2770.57,3030.14,0
2017-07-07,3256.33,3350.72,2899.95,2936.51,0
2017-07-06,3275.51,3362.2,3171.87,3254.97,0
2017-07-05,3289.27,3369.1,3151.24,3273.32,0
2017-07-04,3232.21,3413.78,3181.96,3290.92,0
2017-07-03,3164.95,3320.74,3079.12,3236.91,0
2017-07-02,3076.26,3232.18,2934.53,3172.72,0
2017-07-01,3247.05,3326.98,3007.45,3078.35,0
2017-06-30,3332.31,3435.45,3197.21,3250.32,0
2017-06-29,3492.97,3538.8,3275.67,3332.48,0
2017-06-28,3343.88,3555.82,3189.06,3497.93,0
2017-06-27,3212.11,3365.76,2827.15,3330.09,0
2017-06-26,3460.57,3552.41,2886.87,3202.98,0
2017-06-25,3616.2,3726.24,3314.68,3460.92,0
2017-06-24,3796.95,3879.93,3559.69,3622.04,0
2017-06-23,3680.33,3898.07,3605.5,3799.72,0
2017-06-22,3646.15,3777.74,3537.81,3682.28,0
2017-06-21,3731.32,3865.38,3470.18,3640.14,0
2017-06-20,3757.48,3970.04,3555.75,3735.67,0
2017-06-19,3563.82,3888.48,3524.17,3756.66,0
2017-06-18,3609.95,3726.19,3449.47,3562.18,0
2017-06-17,3417.88,3687.19,3355.49,3609.74,0
2017-06-16,3314.95,3472.77,3170.59,3419.32,0
2017-06-15,3352.07,3420.09,2846.97,3314.75,0
2017-06-14,3660.52,3812.24,3204.17,3356.8,0
2017-06-13,3484.34,3771.76,3405.96,3659.3,0
2017-06-12,3691.7,3923.25,3192.38,3491.91,0
2017-06-11,3559.78,3820.73,3396.89,3692.89,0
2017-06-10,3473.32,3768.26,3293.66,3561.54,0
2017-06-09,3345.78,3569.03,3289.01,3454.82,0
2017-06-08,3201.5,3398.51,3112.72,3343.92,0
2017-06-07,3305.06,3520.84,3104.32,3196.76,0
2017-06-06,3104.8,3434.21,2981.91,3306.1,0
2017-06-05,2903.25,3149.58,2868.88,3100.9,0
2017-06-04,2846.49,2985.15,2739.04,2902.26,0
2017-06-03,2829.31,2972.99,2698.59,2837.33,0
2017-06-02,2699.04,2890.12,2636.17,2828.14,0
2017-06-01,2569.62,2809.16,2513.25,2698.6,0
2017-05-31,2428.72,2617.94,2300.2,2528.61,0
2017-05-30,2394.42,2631.43,2252.85,2418.66,0
2017-05-29,2253.87,2468.98,2160.98,2391.27,0
2017-05-28,2133.57,2425.94,2044.5,2259.21,0
2017-05-27,2227.22,2386.43,1671.05,2117.87,0
2017-05-26,2380.24,2808.54,2082.41,2238.21,0
2017-05-25,2687.18,2959.84,2301.25,2380.41,0
2017-05-24,2674.05,3069.86,2490.7,2692.99,0
2017-05-23,2398.14,2774.71,2340.3,2669.18,0
2017-05-22,2323.77,2719.78,2103.73,2406.2,0
2017-05-21,2150.3,2456.85,2073.96,2321.11,0
2017-05-20,2003.7,2238.2,1937.44,2150.86,0
2017-05-19,1904.23,2147.54,1789.14,2003.22,0
2017-05-18,1790.45,2019.16,1678.47,1906.6,0
2017-05-17,1636.03,1881.93,1535.83,1797.27,0
2017-05-16,1572.32,1717.4,1499.99,1636.83,0
2017-05-15,1562.58,1652,1473.17,1574.54,0
2017-05-14,1533.38,1601.47,1501.72,1562.25,0
2017-05-13,1491.32,1574.35,1406.57,1533.06,0
2017-05-12,1507.26,1603.8,1420.92,1491.93,0
2017-05-11,1499.95,1596.85,1423.87,1508,0
2017-05-10,1448.98,1579.71,1392.94,1500.18,0
2017-05-09,1533.68,1633.3,1309.22,1448.17,0
2017-05-08,1416.79,1639.31,1345.11,1530.04,0
2017-05-07,1328.35,1481.51,1280.16,1413.32,0
2017-05-06,1275.47,1350.57,1242.95,1327.79,0
2017-05-05,1231.59,1374.43,1204.63,1272.82,0
2017-05-04,1125.14,1278.63,1113.11,1228.91,0
2017-05-03,1072.93,1140.36,1050.09,1122.38,0
2017-05-02,1067.1,1113.77,1021.39,1073.49,0
2017-05-01,1066.86,1142.68,1007.07,1066.81,0
2017-04-30,1016.24,1091.73,994.006,1063.7,0
2017-04-29,966.965,1047.3,948.611,1016.23,0
2017-04-28,915.404,981.947,891.189,963.019,0
2017-04-27,870.14,943.216,843.08,915.389,0
2017-04-26,840.816,894.85,826.862,869.788,0
2017-04-25,833.407,867.256,815.357,840.768,0
2017-04-24,797.729,846.564,787.568,833.388,0
2017-04-23,800.526,821.441,775.747,795.915,0
2017-04-22,795.085,817.869,774.468,801.08,0
2017-04-21,785.227,815.375,764.757,794.271,0
2017-04-20,786.829,818.406,756.796,786.376,0
2017-04-19,793.324,827.754,763.214,787.113,0
2017-04-18,771.271,811.921,756.327,793.036,0
2017-04-17,764.844,791.82,745.555,771.327,0
2017-04-16,766.596,793.237,744.352,766.182,0
2017-04-15,732.093,796.035,723.301,766.683,0
2017-04-14,745.682,763.907,709.557,732.517,0
2017-04-13,733.905,781.897,710.926,745.962,0
2017-04-12,703.583,745.498,691.334,733.515,0
2017-04-11,694.324,724.372,679.387,703.565,0
2017-04-10,690.465,710.667,670.68,693.992,0
2017-04-09,700.448,721.022,672.123,689.736,0
2017-04-08,679.403,716.867,669.544,700.37,0
2017-04-07,687.927,709.295,658.023,681.424,0
2017-04-06,695.959,727.796,647.974,689.074,0
2017-04-05,684.695,727.149,662.266,695.51,0
2017-04-04,677.122,715.823,637.33,684.378,0
2017-04-03,712.157,759.26,627.284,677.048,0
2017-04-02,665.109,764.839,622.284,712.784,0
2017-04-01,656.285,685.657,630.88,665.239,0
2017-03-31,611.272,682.309,577.487,648.542,0
2017-03-30,584.729,643.92,561.22,615.561,0
2017-03-29,574.765,608.396,549.186,583.963,0
2017-03-28,545.116,600.683,530.038,574.833,0
2017-03-27,541.283,576.24,517.472,546.399,0
2017-03-26,533.074,570.843,517.7,537.29,0
2017-03-25,537.976,559.022,502.846,533.968,0
2017-03-24,540.52,577.019,504.893,537.345,0
2017-03-23,530.462,557.336,511.123,540.847,0
2017-03-22,540.911,558.474,499.178,529.904,0
2017-03-21,524.947,564.776,507.635,540.518,0
2017-03-20,518.005,550.763,498.949,524.662,0
2017-03-19,466.745,543.248,459.329,517.544,0
2017-03-18,510.331,553.594,436.97,463.487,0
2017-03-17,523.193,565.467,471.153,509.983,0
2017-03-16,503.378,555.851,472.827,525.749,0
2017-03-15,473.992,510.859,465.477,501.898,0
2017-03-14,467.325,489.502,453.427,473.896,0
2017-03-13,440.914,485.995,433.37,467.41,0
2017-03-12,419.173,447.662,412.552,440.605,0
2017-03-11,390.55,427.334,387.479,419.168,0
2017-03-10,401.915,425.857,370.742,390.504,0
2017-03-09,388.338,409.83,382.5,402.353,0
2017-03-08,416.099,420.74,385.79,388.438,0
2017-03-07,430.234,436.314,406.635,416.255,0
2017-03-06,425.633,438.121,419.108,429.299,0
2017-03-05,415.988,433.09,407.997,426.574,0
2017-03-04,422.464,433.621,407.223,416.961,0
2017-03-03,412.288,433.534,404.586,421.951,0
2017-03-02,401.291,429.089,389.27,411.716,0
2017-03-01,387.273,410.364,380.038,400.941,0
2017-02-28,378.556,389.953,370.077,381.548,0
2017-02-27,373.133,382.938,368.356,378.142,0
2017-02-26,365.172,376.831,358.862,373.469,0
2017-02-25,368.679,375.487,354.171,365.216,0
2017-02-24,372.636,382.916,355.06,369.536,0
2017-02-23,359.257,377.5,355.613,371.475,0
2017-02-22,357.496,365.428,351.088,359.426,0
2017-02-21,354.251,364.69,346.066,357.394,0
2017-02-20,354.667,362.925,345.959,355.011,0
2017-02-19,356.182,361.729,348.321,354.424,0
2017-02-18,356.586,365.091,348.303,355.827,0
2017-02-17,352.911,362.407,347.72,355.585,0
2017-02-16,352.412,360.597,345.978,353.79,0
2017-02-15,349.695,357.579,343.434,352.68,0
2017-02-14,337.04,356.372,333.326,348.94,0
2017-02-13,342.677,347.164,331.241,336.572,0
2017-02-12,344.504,348.049,337.172,342.637,0
2017-02-11,338.862,349.327,335.437,344.61,0
2017-02-10,340.727,345.612,325.014,338.759,0
2017-02-09,362.069,369.97,326.578,340.492,0
2017-02-08,362.908,373.079,352.064,361.515,0
2017-02-07,358.109,369.059,352.799,362.08,0
2017-02-06,353.488,362.308,349.666,357.486,0
2017-02-05,357.844,361.13,348.202,353.166,0
2017-02-04,354.375,369.946,347.98,357.535,0
2017-02-03,348.764,359.891,342.519,353.874,0
2017-02-02,343.512,354.316,336.284,348.492,0
2017-02-01,339.999,348.373,335.391,343.414,0
2017-01-31,332.949,345.777,325.913,340.556,0
2017-01-30,331.103,338.175,327.635,332.977,0
2017-01-29,328.317,336.695,324.348,330.966,0
2017-01-28,325.63,335.081,321.455,328.114,0
2017-01-27,325.565,334.071,319.415,325.478,0
2017-01-26,319.808,333.977,315.414,325.465,0
2017-01-25,316.236,326.244,311.678,319.164,0
2017-01-24,323.551,328.859,313.602,316.362,0
2017-01-23,322.754,330.992,318.37,325.702,0
2017-01-22,322.384,330.367,313.597,322.463,0
2017-01-21,314.346,328.414,312.418,322.479,0
2017-01-20,313.943,322.062,307.437,314.202,0
2017-01-19,310.894,319.835,305.278,314.195,0
2017-01-18,314.861,320.778,298.723,310.669,0
2017-01-17,296.666,320.45,292.562,314.699,0
2017-01-16,294.363,304.144,288.09,296.572,0
2017-01-15,292.64,300.397,286.26,294.643,0
2017-01-14,291.986,299.324,285.541,292.278,0
2017-01-13,287.49,298.401,277.009,291.495,0
2017-01-12,275.87,296.351,266.871,287.861,0
2017-01-11,313.554,318.238,269.586,276.353,0
2017-01-10,308.99,320.174,305.613,313.733,0
2017-01-09,309.967,317.07,298.356,308.995,0
2017-01-08,307.51,319.629,299.629,309.316,0
2017-01-07,308.811,313.675,282.215,307.73,0
2017-01-06,334.633,345.703,296.259,308.409,0
2017-01-05,372.554,387.674,303.644,334.115,0
2017-01-04,334.827,375.556,331.311,371.646,0
2017-01-03,323.128,341.601,317.352,334.754,0
2017-01-02,316.053,330.672,309.519,323.07,0
2017-01-01,310.089,324.213,304.022,315.744,0
2016-12-31,311.934,318.278,301.179,309.653,0
2016-12-30,312.655,321.566,300.407,312.303,0
2016-12-29,300.844,319.351,293.257,312.371,0
2016-12-28,291.343,307.586,285.984,300.716,0
2016-12-27,287.305,299.252,280.019,290.687,0
2016-12-26,283.768,292.508,279.635,287.074,0
2016-12-25,287.189,290.539,274.648,283.818,0
2016-12-24,289.536,296.756,279.098,287.203,0
2016-12-23,280.46,298.893,272.191,289.55,0
2016-12-22,278.71,289.721,269.305,280.54,0
2016-12-21,273.767,285.52,267.65,278.509,0
2016-12-20,275.424,282.361,269.921,273.88,0
2016-12-19,275.37,281.856,268.829,275.461,0
2016-12-18,272.396,279.949,268.374,275.213,0
2016-12-17,274.92,279.057,266.718,272.457,0
2016-12-16,271.466,279.221,267.334,274.998,0
2016-12-15,270.6,278.656,264.343,271.165,0
2016-12-14,268.138,276.348,263.667,270.84,0
2016-12-13,268.813,275.441,263.346,268.199,0
2016-12-12,266.761,273.762,263.371,269.266,0
2016-12-11,266.487,272.745,260.847,266.69,0
2016-12-10,269.778,274.632,263.164,266.486,0
2016-12-09,267.618,275.146,263.969,270.049,0
2016-12-08,268.435,277.501,261.22,267.988,0
2016-12-07,262.722,274.003,252.723,268.396,0
2016-12-06,256.006,273.282,244.499,262.876,0
2016-12-05,259.97,268.526,246.907,256.181,0
2016-12-04,262.76,268.131,255.543,260.035,0
2016-12-03,260.95,268.988,255.197,262.98,0
2016-12-02,261.695,269.813,251.402,260.891,0
2016-12-01,262.77,267.88,256.627,261.249,0
2016-11-30,258.632,268.644,253.705,262.652,0
2016-11-29,262.813,265.561,253.072,258.418,0
2016-11-28,263.175,270.134,257.923,262.566,0
2016-11-27,262.307,270.61,256.732,263.063,0
2016-11-26,262.862,267.989,256.081,261.977,0
2016-11-25,261.898,270.462,256.194,262.937,0
2016-11-24,264.765,269.541,255.243,261.758,0
2016-11-23,266.069,270.648,259.956,264.864,0
2016-11-22,262.813,272.641,258.627,266.074,0
2016-11-21,260.629,266.227,257.988,262.603,0
2016-11-20,266.017,270.345,255.446,260.543,0
2016-11-19,265.788,271.125,259.99,265.727,0
2016-11-18,265.456,272.874,258.771,265.342,0
2016-11-17,267.485,272.902,261.281,265.532,0
2016-11-16,267.613,276.346,257.778,267.163,0
2016-11-15,268.247,274.558,262.063,267.421,0
2016-11-14,267.512,274.393,263.173,267.994,0
2016-11-13,267.817,276.534,260.824,267.888,0
2016-11-12,269.525,276.854,262.698,267.751,0
2016-11-11,268.356,276.62,262.967,269.84,0
2016-11-10,270.515,276.398,264.07,268.059,0
2016-11-09,270.86,281.233,260.807,270.577,0
2016-11-08,271.892,279.414,265.194,270.843,0
2016-11-07,274.014,281.76,263.482,271.554,0
2016-11-06,274.378,280.923,267.808,274.019,0
2016-11-05,266.86,282.277,262.626,274.485,0
2016-11-04,259.591,273.236,255.79,266.874,0
2016-11-03,268.152,276.26,253.199,259.203,0
2016-11-02,267.313,274.878,260.22,267.344,0
2016-11-01,264.896,276.194,256.732,266.781,0
2016-10-31,266.563,272.57,258.288,262.942,0
2016-10-30,261.908,272.089,255.571,266.352,0
2016-10-29,264.574,274.622,248.7,261.903,0
2016-10-28,270.272,274.134,260.387,264.375,0
2016-10-27,270.657,277.207,264.26,270.287,0
2016-10-26,268.516,277.1,262.971,270.536,0
2016-10-25,271.06,276.409,262.816,268.598,0
2016-10-24,271.934,277.414,266.779,270.963,0
2016-10-23,271.438,276.784,266.075,271.903,0
2016-10-22,267.604,276.38,262.284,271.486,0
2016-10-21,266.338,270.829,262.593,267.59,0
2016-10-20,265.413,271.789,261.066,266.478,0
2016-10-19,267.921,273.414,261.235,265.201,0
2016-10-18,266.299,274.163,261.464,267.793,0
2016-10-17,268.744,272.381,261.914,266.252,0
2016-10-16,267.774,273.393,263.923,268.646,0
2016-10-15,270.067,274.853,263.566,267.748,0
2016-10-14,269.933,275.901,265.037,270.159,0
2016-10-13,269.074,275.183,264.124,269.348,0
2016-10-12,272.125,277.704,265.828,269.141,0
2016-10-11,267.553,280.336,261.728,272.043,0
2016-10-10,269.329,273.884,262.738,267.5,0
2016-10-09,269.21,273.739,265.544,269.127,0
2016-10-08,271.174,274.694,265.915,269.137,0
2016-10-07,273.332,277.702,266.517,271.069,0
2016-10-06,273.824,278.337,268.665,273.698,0
2016-10-05,275.533,281.045,268.578,273.842,0
2016-10-04,277.101,282.385,270.921,275.3,0
2016-10-03,277.29,283.045,273.141,277.112,0
2016-10-02,277.021,282.8,273.007,277.283,0
2016-10-01,284.029,287.756,272.898,277.032,0
2016-09-30,278.943,286.376,275.118,281.292,0
2016-09-29,281.762,285.298,275.132,279.083,0
2016-09-28,279.797,286.42,275.959,281.672,0
2016-09-27,278.845,284.213,274.788,279.889,0
2016-09-26,280.232,285.559,274.318,278.71,0
2016-09-25,277.609,283.672,274.448,280.024,0
2016-09-24,278.985,283.172,273.304,277.835,0
2016-09-23,276.929,282.914,272.906,278.842,0
2016-09-22,280.238,283.668,271.736,276.949,0
2016-09-21,285.628,291.444,273.518,280.34,0
2016-09-20,280.73,293.191,276.81,285.968,0
2016-09-19,278.67,286.628,273.408,280.797,0
2016-09-18,279.742,284.818,273.803,278.778,0
2016-09-17,280.623,285.542,275.437,279.723,0
2016-09-16,281.394,288.833,273.372,280.655,0
2016-09-15,276.438,289.898,270.873,281.782,0
2016-09-14,275.617,281.48,272.322,277.232,0
2016-09-13,275.256,280.684,271.392,275.689,0
2016-09-12,270.85,279.054,268.217,274.977,0
2016-09-11,278.876,284.677,267.223,270.967,0
2016-09-10,277.161,284.028,273.748,278.626,0
2016-09-09,277.04,282.992,271.605,277.577,0
2016-09-08,275.714,284.04,270.339,276.773,0
2016-09-07,274.027,281.504,269.423,275.444,0
2016-09-06,275.707,284.491,268.53,273.952,0
2016-09-05,274.701,279.797,270.138,275.754,0
2016-09-04,270.481,279.098,264.662,274.069,0
2016-09-03,268.073,278.692,260.763,270.282,0
2016-09-02,265.635,272.32,262.188,268.109,0
2016-09-01,267.695,272.739,261.414,265.728,0
2016-08-31,268.42,274.404,260.503,268.73,0
2016-08-30,268.827,275.959,261.353,268.206,0
2016-08-29,265.856,279.435,258.653,268.473,0
2016-08-28,254.781,270.357,249.838,266.364,0
2016-08-27,256.42,260.704,250.213,254.736,0
2016-08-26,256.045,261.837,252.649,256.526,0
2016-08-25,257.673,261.86,250.429,256.119,0
2016-08-24,258.702,263.777,252.717,257.575,0
2016-08-23,259.277,267.33,250.743,258.8,0
2016-08-22,259.319,271.802,250.232,259.23,0
2016-08-21,256.821,263.744,252.069,259.101,0
2016-08-20,254.649,261.491,251.328,257.627,0
2016-08-19,254.589,259.681,250.933,254.366,0
2016-08-18,254.628,261.05,249.792,254.657,0
2016-08-17,255.581,260.836,249.09,254.588,0
2016-08-16,255.402,261.181,248.03,255.285,0
2016-08-15,254.197,262.596,247.206,255.416,0
2016-08-14,258.225,263.595,247.693,254.24,0
2016-08-13,259.364,266.011,252.948,258.251,0
2016-08-12,255.155,266.03,250.176,259.235,0
2016-08-11,257.106,262.627,250.741,255.34,0
2016-08-10,256.218,265.292,251.211,256.976,0
2016-08-09,252.423,262.569,246.582,256.414,0
2016-08-08,250.471,257.776,245.383,252.394,0
2016-08-07,251.113,257.858,245.246,250.763,0
2016-08-06,246.99,255.837,240.996,251.159,0
2016-08-05,245.528,251.775,239.837,247.125,0
2016-08-04,236.11,249.791,233.896,245.402,0
2016-08-03,225.892,241.67,221.239,235.994,0
2016-08-02,252.81,258.8,215.911,224.832,0
2016-08-01,261.945,265.661,250.321,252.338,0
2016-07-31,274.61,279.417,258.511,263.524,0
2016-07-30,270.799,281.019,266.965,273.922,0
2016-07-29,277.596,282.092,265.948,271.17,0
2016-07-28,279.348,285.226,273.693,277.62,0
2016-07-27,276.844,287.547,269.462,279.254,0
2016-07-26,296.923,299.53,269.862,277.049,0
2016-07-25,298.739,306.284,283.656,296.231,0
2016-07-24,309.292,313.635,291.856,298.91,0
2016-07-23,298.527,314.948,293.564,308.663,0
2016-07-22,298.057,309.487,286.122,297.587,0
2016-07-21,304.283,311.104,288.825,298.096,0
2016-07-20,309.115,323.64,294.817,304.389,0
2016-07-19,277.064,319.775,270.186,308.894,0
2016-07-18,293.259,298.676,272.564,276.916,0
2016-07-17,290.813,304.786,280.585,293.058,0
2016-07-16,293.181,307.806,277.672,291.127,0
2016-07-15,299.437,317.548,283.302,293.671,0
2016-07-14,299.579,317.809,282.231,298.487,0
2016-07-13,274.974,321.021,261.374,298.505,0
2016-07-12,241.85,283.937,236.973,276.734,0
2016-07-11,233.413,249.37,227.79,241.405,0
2016-07-10,232.029,240.516,227.23,233.547,0
2016-07-09,233.212,240.563,220.185,232.459,0
2016-07-08,222.881,237.822,217.456,233.201,0
2016-07-07,232.037,238.701,210.904,222.548,0
2016-07-06,230.646,238.366,226.773,231.862,0
2016-07-05,238.089,241.345,223.161,230.859,0
2016-07-04,232.545,246.907,227.319,237.913,0
2016-07-03,241.571,246.355,225.211,232.367,0
2016-07-02,235.651,246.479,231.294,241.56,0
2016-07-01,237.037,246.127,227.902,235.435,0
2016-06-30,229.592,245.41,219.803,237.16,0
2016-06-29,229.929,241.51,215.175,230.011,0
2016-06-28,229.312,247.81,217.234,230.687,0
2016-06-27,213.566,235.233,208.694,228.443,0
2016-06-26,220.211,226.299,206.496,214.23,0
2016-06-25,217.851,228.615,208.137,219.959,0
2016-06-24,208.064,228.359,201.834,218.357,0
2016-06-23,199.434,211.321,185.159,207.699,0
2016-06-22,214.376,228.506,193.258,197.412,0
2016-06-21,228.899,236.572,202.29,214.608,0
2016-06-20,234.656,242.828,219.681,229.273,0
2016-06-19,227.222,243.214,220.302,234.581,0
2016-06-18,229.848,244.549,213.634,227.578,0
2016-06-17,244.9,253.162,216.111,229.701,0
2016-06-16,226.898,263.142,223.682,244.559,0
2016-06-15,224.169,232.361,216.441,226.439,0
2016-06-14,218.63,233.494,209.229,224.127,0
2016-06-13,210.363,225.603,205.268,218.777,0
2016-06-12,196.935,215.834,192.721,210.352,0
2016-06-11,191.261,198.265,188.621,196.623,0
2016-06-10,191.662,195.627,188.095,191.021,0
2016-06-09,191.908,196.175,187.533,191.477,0
2016-06-08,190.502,195.931,186.876,191.861,0
2016-06-07,191.045,196.07,184.857,190.375,0
2016-06-06,188.662,194.785,185.929,191.004,0
2016-06-05,188.395,193.526,184.889,188.668,0
2016-06-04,187.829,193.625,184.22,188.176,0
2016-06-03,182.222,190.993,179.296,187.793,0
2016-06-02,182.036,185.656,178.668,182.332,0
2016-06-01,179.767,186.418,174.125,182.248,0
2016-05-31,177.917,186.963,172.414,179.952,0
2016-05-30,174.474,181.499,171.753,177.836,0
2016-05-29,172.836,182.159,167.321,174.09,0
2016-05-28,161.864,177.198,157.318,172.647,0
2016-05-27,160.964,168.178,153.227,161.865,0
2016-05-26,161.896,165.61,157.671,161.118,0
2016-05-25,162.961,165.568,157.149,161.675,0
2016-05-24,165.548,169.54,159.231,162.865,0
2016-05-23,168.195,171.714,162.656,165.886,0
2016-05-22,168.727,171.623,165.266,168.33,0
2016-05-21,167.083,171.091,163.419,168.668,0
2016-05-20,167.803,174.422,162.256,166.885,0
2016-05-19,165.866,173.595,161.085,167.847,0
2016-05-18,162.418,170.335,160.137,165.831,0
2016-05-17,160.44,167.139,157.324,162.48,0
2016-05-16,156.352,164.181,154.342,160.419,0
2016-05-15,156.417,159.266,154.228,156.259,0
2016-05-14,157.753,159.63,153.563,156.23,0
2016-05-13,156.712,161.727,154.43,157.745,0
2016-05-12,156.202,159.785,153.526,156.63,0
2016-05-11,154.525,158.197,152.32,156.236,0
2016-05-10,155.2,159.968,150.684,154.117,0
2016-05-09,156.249,159.134,152.601,155.291,0
2016-05-08,156.668,159.12,152.867,156.309,0
2016-05-07,157.271,159.624,154.285,156.824,0
2016-05-06,156.736,161.389,152.61,157.298,0
2016-05-05,155.615,159.607,153.508,156.684,0
2016-05-04,156.681,160.204,153.741,155.694,0
2016-05-03,158.772,161.975,153.577,156.531,0
2016-05-02,156.759,163.077,152.72,158.858,0
2016-05-01,155.384,159.668,152.647,156.632,0
2016-04-30,154.69,160.652,150.734,155.599,0
2016-04-29,152.039,157.037,149.923,154.694,0
2016-04-28,152.555,155.368,147.745,151.904,0
2016-04-27,155.859,160.853,149.401,152.42,0
2016-04-26,156.673,160.273,151.73,155.802,0
2016-04-25,158.583,162.158,152,156.741,0
2016-04-24,157.549,162.089,154.263,158.475,0
2016-04-23,155.209,159.238,153.502,157.493,0
2016-04-22,157.177,159.005,153.252,155.266,0
2016-04-21,157.381,161.961,153.757,157.028,0
2016-04-20,156.932,160.884,153.858,157.359,0
2016-04-19,156.421,160.258,153.386,157.028,0
2016-04-18,155.601,159.517,152.042,156.272,0
2016-04-17,154.477,159.382,152.063,155.551,0
2016-04-16,153.082,157.138,150.696,154.517,0
2016-04-15,153.638,156.656,150.249,153.122,0
2016-04-14,151.838,156.91,149.272,153.503,0
2016-04-13,150.699,155.948,146.819,151.584,0
2016-04-12,152.196,156.281,146.299,150.781,0
2016-04-11,153.053,155.717,147.887,152.117,0
2016-04-10,156.712,158.745,145.169,153.044,0
2016-04-09,159.71,162.923,154.039,156.638,0
2016-04-08,160.301,163.36,155.904,157.796,0
2016-04-07,163.285,165.34,158.604,160.239,0
2016-04-06,164.076,166.636,160.503,163.159,0
2016-04-05,166.901,168.79,161.363,163.983,0
2016-04-04,170.523,172.939,166.67,169.047,0
2016-04-03,169.526,173.193,166.36,170.626,0
2016-04-02,167.455,172.808,165.434,169.451,0
2016-04-01,166.873,170.539,164.665,167.492,0
2016-03-31,166.801,170.367,164.077,166.768,0
2016-03-30,168.642,171.15,163.503,166.787,0
2016-03-29,169.205,173.135,164.178,168.604,0
2016-03-28,168.653,174.747,163.743,169.185,0
2016-03-27,170.159,176.212,163.269,168.86,0
2016-03-26,167.31,173.753,163.615,170.197,0
2016-03-25,167.484,171.187,162.863,167.253,0
2016-03-24,166.397,172.681,161.471,167.068,0
2016-03-23,162.597,168.912,160.651,166.216,0
2016-03-22,161.895,166.58,158.763,162.629,0
2016-03-21,159.294,165.278,155.326,162.079,0
2016-03-20,158.178,169.346,153.619,159.428,0
2016-03-19,157.867,162.941,153.048,158.362,0
2016-03-18,162.903,167.228,151.021,157.468,0
2016-03-17,161.747,172.36,155.539,163.264,0
2016-03-16,161.391,166.078,158.057,161.52,0
2016-03-15,160.956,164.619,156.784,161.255,0
2016-03-14,164.963,167.445,157.263,160.419,0
2016-03-13,163.847,169.776,161.16,164.773,0
2016-03-12,164.507,170.201,158.1,163.86,0
2016-03-11,162.154,169.559,157.992,164.495,0
2016-03-10,159.927,167.526,155.687,161.934,0
2016-03-09,157.051,163.317,152.896,159.913,0
2016-03-08,153.333,160.304,149.705,157.021,0
2016-03-07,151.551,159.543,146.929,153.318,0
2016-03-06,147.808,156.318,143.598,151.532,0
2016-03-05,148.802,154.8,142.065,147.512,0
2016-03-04,150.228,154.652,145.088,148.844,0
2016-03-03,147.216,154.411,144.6,150.404,0
2016-03-02,148.492,152.093,144.658,147.261,0
2016-03-01,148.788,152.51,145.363,148.59,0
2016-02-29,146.486,150.363,142.89,147.095,0
2016-02-28,145.723,150.581,142.018,146.487,0
2016-02-27,143.7,148.531,141.328,145.696,0
2016-02-26,141.839,145.849,138.792,143.431,0
2016-02-25,143.124,146.041,138.222,141.968,0
2016-02-24,139.591,144.835,136.789,143.205,0
2016-02-23,143.981,146.865,136.519,139.532,0
2016-02-22,140.796,145.922,138.043,143.711,0
2016-02-21,139.596,144.993,135.962,140.839,0
2016-02-20,137.328,143.805,134.308,139.572,0
2016-02-19,135.991,139.903,133.267,137.315,0
2016-02-18,134.388,140.203,129.7,136.04,0
2016-02-17,136.943,142.778,130.078,134.394,0
2016-02-16,138.24,144.749,132.228,136.957,0
2016-02-15,138.485,143.133,133.436,137.917,0
2016-02-14,134.18,140.333,130.295,138.046,0
2016-02-13,133.167,137.516,126.513,133.769,0
2016-02-12,128.463,137.268,125.119,133.016,0
2016-02-11,124.776,133.342,121.221,128.548,0
2016-02-10,121.307,127.982,119.463,124.628,0
2016-02-09,119.484,123.605,117.717,121.358,0
2016-02-08,120.167,123.302,117.787,119.388,0
2016-02-07,118.483,123.341,116.949,120.077,0
2016-02-06,119.888,121.815,115.395,118.48,0
2016-02-05,119.198,121.738,117.534,119.806,0
2016-02-04,114.249,120.743,113.148,119.295,0
2016-02-03,114.237,120.134,111.697,114.157,0
2016-02-02,113.322,115.823,111.419,114.254,0
2016-02-01,113.444,116.255,110.615,113.217,0
2016-01-31,116.946,119.931,110.883,114.059,0
2016-01-30,119.106,122.012,114.585,116.968,0
2016-01-29,119.728,123.404,111.465,119.074,0
2016-01-28,126.264,131.109,115.856,119.616,0
2016-01-27,117.96,131.217,115.544,126.239,0
2016-01-26,112.884,125.517,108.595,118.097,0
2016-01-25,112.911,117.363,107.478,112.746,0
2016-01-24,108.532,115.926,106.606,112.844,0
2016-01-23,105.23,112.451,103.116,108.746,0
2016-01-22,110.604,113.306,102.314,105.096,0
2016-01-21,112.854,115.521,107.827,110.562,0
2016-01-20,103.648,115.951,101.125,113.199,0
2016-01-19,105.452,108.108,101.482,103.897,0
2016-01-18,103.472,109.225,100.863,105.459,0
2016-01-17,103.356,107.268,100.042,103.591,0
2016-01-16,99.1531,106.351,95.2228,103.504,0
2016-01-15,112.979,115.366,98.1181,99.2237,0
2016-01-14,111.71,116.309,108.801,113.114,0
2016-01-13,111.422,113.748,107.171,111.775,0
2016-01-12,111.203,116.233,108,111.702,0
2016-01-11,111.358,113.695,108.765,111.244,0
2016-01-10,111.786,112.923,107.865,111.315,0
2016-01-09,111.13,114.815,108.935,111.711,0
2016-01-08,111.563,114.65,107.868,110.911,0
2016-01-07,107.406,113.567,104.676,111.586,0
2016-01-06,106.821,110.724,104.542,107.377,0
2016-01-05,106.856,109.738,104.948,106.876,0
2016-01-04,106.483,108.842,104.881,106.946,0
2016-01-03,107.094,108.386,104.394,106.435,0
2016-01-02,107.029,109.266,105.392,107.089,0
2016-01-01,106.067,108.998,104.221,106.862,0
2015-12-31,105.955,108.663,102.481,106.225,0
2015-12-30,106.728,110.536,103.782,106.142,0
2015-12-29,104.858,108.052,102.832,106.743,0
2015-12-28,104.644,108.037,102.717,104.823,0
2015-12-27,102.621,106.145,100.229,104.616,0
2015-12-26,110.139,111.485,100.087,102.718,0
2015-12-25,108.433,112.496,107.113,110.007,0
2015-12-24,106.405,117.919,105.274,108.287,0
2015-12-23,105.338,108.816,103.59,106.283,0
2015-12-22,105.673,108.487,103.594,105.541,0
2015-12-21,106.783,108.773,102.439,105.795,0
2015-12-20,110.989,112.339,104.217,106.666,0
2015-12-19,111.485,113.535,108.644,111.011,0
2015-12-18,111.484,114.015,108.853,111.462,0
2015-12-17,111.611,114.235,108.747,111.529,0
2015-12-16,113.119,114.876,107.618,111.509,0
2015-12-15,111.836,116.521,108.054,113.054,0
2015-12-14,113.481,117.202,109.091,111.89,0
2015-12-13,112.538,116.302,110.179,113.457,0
2015-12-12,116.066,120.553,106.769,112.772,0
2015-12-11,109.088,117.525,106.681,115.984,0
2015-12-10,109.779,113.566,107.11,109.098,0
2015-12-09,106.003,113.921,102.377,109.863,0
2015-12-08,99.1936,106.968,96.8155,105.951,0
2015-12-07,97.8272,101.556,95.5178,99.0644,0
2015-12-06,98.1567,102.043,96.0287,98.0785,0
2015-12-05,92.6427,99.3998,91.7271,97.9605,0
2015-12-04,90.3893,94.2619,88.6235,92.4435,0
2015-12-03,89.1324,93.1619,88.0187,90.4479,0
2015-12-02,90.1424,91.4783,86.1161,89.0564,0
2015-12-01,93.4209,94.7363,87.3069,90.2116,0
2015-11-30,93.3226,96.1049,91.056,93.4734,0
2015-11-29,90.9136,94.4995,89.5203,93.397,0
2015-11-28,91.0786,92.4576,88.8561,90.8754,0
2015-11-27,90.8666,93.6829,88.7007,91.1814,0
2015-11-26,86.7239,95.0651,85.4741,91.1953,0
2015-11-25,84.3929,87.905,83.0988,86.7266,0
2015-11-24,85.2072,86.0807,82.8375,84.3947,0
2015-11-23,85.5765,86.759,84.0557,85.2054,0
2015-11-22,86.3529,86.9494,84.3149,85.5843,0
2015-11-21,85.1581,87.212,83.9439,86.2727,0
2015-11-20,86.5647,87.2271,82.5637,85.1646,0
2015-11-19,88.8042,89.8463,85.5142,86.5221,0
2015-11-18,88.6009,90.2474,87.0064,88.7568,0
2015-11-17,87.6385,90.6389,86.4462,88.7029,0
2015-11-16,85.2578,88.7201,83.644,87.6948,0
2015-11-15,87.7363,89.86,83.8027,85.3287,0
2015-11-14,88.908,90.1439,86.3531,87.6423,0
2015-11-13,90.0807,91.263,86.0793,88.9701,0
2015-11-12,83.9105,92.3827,82.7338,90.119,0
2015-11-11,88.8127,90.429,79.7287,83.5628,0
2015-11-10,96.7067,98.6395,86.1984,88.3536,0
2015-11-09,95.9125,99.5187,92.4403,96.8709,0
2015-11-08,98.8829,101.641,93.64,95.8598,0
2015-11-07,96.7403,101.369,95.09,99.1035,0
2015-11-06,98.9842,102.35,90.6763,96.6521,0
2015-11-05,104.306,113.097,94.2355,98.8177,0
2015-11-04,107.879,126.502,96.7977,104.679,0
2015-11-03,99.9731,113.141,96.6217,107.691,0
2015-11-02,93.273,102.535,90.8399,99.8811,0
2015-11-01,89.6456,95.0927,87.981,93.2004,0
2015-10-31,94.3311,96.2374,87.5545,89.2504,0
2015-10-30,91.469,99.2922,88.5521,94.1433,0
2015-10-29,85.852,93.6934,83.9814,91.5578,0
2015-10-28,83.0956,87.818,81.8703,85.8909,0
2015-10-27,80.0749,84.9059,78.8236,83.0522,0
2015-10-26,79.3646,81.7897,77.1823,80.2971,0
2015-10-25,78.8018,83.4631,77.4351,79.2413,0
2015-10-24,77.8264,79.9307,76.3153,78.679,0
2015-10-23,77.949,80.0435,76.4232,77.8893,0
2015-10-22,75.6953,79.625,74.4214,78.0123,0
2015-10-21,76.1189,77.6507,74.0878,75.642,0
2015-10-20,76.0145,78.3429,74.0784,76.1716,0
2015-10-19,76.0962,77.5452,74.2314,76.0096,0
2015-10-18,78.9692,79.6843,74.9596,75.9264,0
2015-10-17,77.9707,81.08,75.9046,78.8259,0
2015-10-16,76.89,80.0063,75.2233,78.0471,0
2015-10-15,76.3905,78.6199,74.984,76.8577,0
2015-10-14,76.8207,78.9092,74.4988,76.3164,0
2015-10-13,76.3816,78.1511,74.5232,76.781,0
2015-10-12,76.7345,78.0291,75.3851,76.3564,0
2015-10-11,76.1052,77.8614,74.8881,76.7277,0
2015-10-10,75.9358,77.2078,74.8267,76.108,0
2015-10-09,75.4565,77.0855,74.3325,76.0119,0
2015-10-08,76.3117,77.3667,74.4741,75.244,0
2015-10-07,77.1574,78.4968,75.4342,76.3713,0
2015-10-06,74.7498,77.9874,73.9974,77.1541,0
2015-10-05,75.1571,76.5182,73.3001,74.7938,0
2015-10-04,75.9607,76.7221,74.3104,75.0398,0
2015-10-03,75.9981,77.8326,74.6569,75.9986,0
2015-10-02,76.1841,77.8218,74.3734,76.0371,0
2015-10-01,76.3169,78.1443,74.4781,76.2891,0
2015-09-30,76.3102,77.6959,74.2201,75.7994,0
2015-09-29,77.7424,79.9265,74.4948,76.2899,0
2015-09-28,76.4606,79.2445,75.282,78.046,0
2015-09-27,76.966,77.862,75.5128,76.417,0
2015-09-26,77.3809,78.8009,75.6084,76.9908,0
2015-09-25,77.3123,79.0759,75.7385,77.3921,0
2015-09-24,76.8135,78.7767,75.3492,77.2973,0
2015-09-23,77.3217,79.2109,75.434,76.8924,0
2015-09-22,76.7469,79.0133,74.8097,77.1889,0
2015-09-21,78.1564,79.4576,75.3025,76.7481,0
2015-09-20,77.4758,79.5121,76.431,78.2306,0
2015-09-19,78.452,79.4734,76.1713,77.5567,0
2015-09-18,77.1278,79.736,76.0353,78.4588,0
2015-09-17,75.9848,85.0831,75.0296,76.6123,0
2015-09-16,76.5409,77.9492,74.4316,75.931,0
2015-09-15,76.1027,84.0123,74.8636,76.5592,0
2015-09-14,77.2682,80.1232,74.4392,76.2785,0
2015-09-13,78.0661,79.331,75.7479,77.3444,0
2015-09-12,80.1047,81.1041,77.0287,78.1196,0
2015-09-11,79.0602,81.5743,77.9692,80.1379,0
2015-09-10,78.9805,80.7547,77.5491,79.0778,0
2015-09-09,80.495,82.1614,77.8522,78.9423,0
2015-09-08,80.3518,82.407,78.8629,80.545,0
2015-09-07,80.4534,82.2817,79.0538,80.3955,0
2015-09-06,79.0668,86.5551,77.8057,80.4676,0
2015-09-05,75.5015,80.5397,74.487,79.1688,0
2015-09-04,74.8187,76.5086,74.0673,75.5131,0
2015-09-03,76.2089,77.234,73.9755,74.7936,0
2015-09-02,76.3944,77.6821,74.8829,76.2271,0
2015-09-01,77.1804,77.9967,75.6289,76.4003,0
2015-08-31,77.3843,78.9526,75.0575,77.1956,0
2015-08-30,76.8841,79.2388,74.9136,77.2783,0
2015-08-29,75.8847,78.9559,73.9169,76.96,0
2015-08-28,74.4688,77.9458,72.232,75.9494,0
2015-08-27,74.9328,76.5467,73.3627,74.5222,0
2015-08-26,72.9616,76.8268,71.8258,74.9784,0
2015-08-25,71.1066,75.0641,66.8112,72.9263,0
2015-08-24,76.9313,77.4965,70.6097,71.3052,0
2015-08-23,77.8588,79.2555,75.5045,76.8858,0
2015-08-22,79.301,80.3959,75.8121,77.8812,0
2015-08-21,79.9124,81.5715,78.0613,79.3009,0
2015-08-20,77.201,81.2829,76.3117,80.0025,0
2015-08-19,75.4298,81.2622,74.2363,77.2208,0
2015-08-18,86.8955,87.8443,73.4828,73.5687,0
2015-08-17,87.7005,89.1537,85.8585,86.8746,0
2015-08-16,88.9345,90.0897,86.4607,87.6298,0
2015-08-15,90.0844,91.5751,87.912,88.9529,0
2015-08-14,88.9319,91.6874,87.3846,90.1142,0
2015-08-13,90.3563,91.2841,87.1828,88.8652,0
2015-08-12,91.9588,93.7008,88.8302,90.5269,0
2015-08-11,90.5531,93.2896,88.7124,91.9128,0
2015-08-10,90.4841,92.7646,89.1577,90.6099,0
2015-08-09,89.0536,92.3657,87.6292,90.4005,0
2015-08-08,94.3409,96.0884,87.82,89.0818,0
2015-08-07,93.7717,96.2082,91.5952,94.1882,0
2015-08-06,95.3117,96.6353,92.2823,93.7902,0
2015-08-05,96.5687,98.2807,93.7408,95.2747,0
2015-08-04,95.2767,98.4002,94.2287,96.602,0
2015-08-03,96.316,98.5184,94.1129,95.2811,0
2015-08-02,95.6841,97.3043,92.9711,96.2222,0
2015-08-01,98.3724,99.3966,94.0813,95.9659,0
2015-07-31,98.9323,101.623,96.4965,98.6637,0
2015-07-30,99.9252,101.131,97.0152,98.9552,0
2015-07-29,101.853,103.281,98.3775,99.9726,0
2015-07-28,100.863,104.135,99.3191,101.852,0
2015-07-27,100.109,102.88,97.8102,100.929,0
2015-07-26,98.7948,102.017,97.0085,100.034,0
2015-07-25,98.4108,101.043,96.2178,98.7558,0
2015-07-24,93.2848,101.625,92.1219,98.3486,0
2015-07-23,93.4846,95.2208,91.842,93.3249,0
2015-07-22,93.1967,95.2192,91.3623,93.4428,0
2015-07-21,94.2941,96.3201,91.8423,93.1153,0
2015-07-20,92.5633,95.6541,91.3258,94.1999,0
2015-07-19,93.6473,94.909,91.2833,92.5991,0
2015-07-18,94.0558,97.3009,91.8775,93.6574,0
2015-07-17,93.432,96.1549,90.5931,94.1531,0
2015-07-16,98.3158,100.576,90.7326,93.4092,0
2015-07-15,101.343,103.821,97.269,98.2054,0
2015-07-14,102.093,105.192,99.1464,101.285,0
2015-07-13,107.481,109.235,96.8505,102.094,0
2015-07-12,101.198,110.334,100.254,107.479,0
2015-07-11,100.553,106.191,96.4179,101.134,0
2015-07-10,104.802,118.309,94.0589,100.651,0
2015-07-09,101.22,108.968,97.6488,105.046,0
2015-07-08,97.9712,103.028,96.0936,101.219,0
2015-07-07,99.3951,102.264,95.0651,97.9991,0
2015-07-06,98.8806,103.515,96.0247,99.1542,0
2015-07-05,95.7967,101.923,92.9947,99.1922,0
2015-07-04,94.6775,97.0488,92.798,95.7885,0
2015-07-03,94.1585,95.944,92.603,94.7075,0
2015-07-02,95.0712,97.1367,92.6352,94.2203,0
2015-07-01,97.2003,100.804,92.8239,95.1324,0
2015-06-30,95.3687,101.226,93.2639,97.1674,0
2015-06-29,90.4842,96.5836,89.3413,95.3606,0
2015-06-28,91.2378,92.6406,88.4696,90.8691,0
2015-06-27,88.2007,92.1329,87.4699,91.3124,0
2015-06-26,87.8344,89.4589,86.4254,88.1912,0
2015-06-25,86.5736,88.779,85.4271,87.8488,0
2015-06-24,88.677,89.9724,85.8338,86.6553,0
2015-06-23,90.8764,91.5799,87.4518,88.7172,0
2015-06-22,89.2119,91.7352,87.9556,90.9119,0
2015-06-21,90.8529,91.8517,87.3359,89.2048,0
2015-06-20,90.3705,92.5557,87.0629,90.9814,0
2015-06-19,91.2041,94.9551,87.5187,90.2596,0
2015-06-18,88.4726,92.7981,86.4377,91.0772,0
2015-06-17,88.8743,94.3873,85.9461,88.4404,0
2015-06-16,80.6478,90.1708,79.659,88.8526,0
2015-06-15,78.9626,81.9178,78.0524,80.7064,0
2015-06-14,77.8984,80.4817,76.9783,78.9912,0
2015-06-13,76.3064,78.9853,75.4024,77.8546,0
2015-06-12,76.3824,77.7328,75.1883,76.3904,0
2015-06-11,75.6711,77.9075,74.7279,76.3846,0
2015-06-10,76.271,77.1915,74.2938,75.6806,0
2015-06-09,76.1348,77.8198,74.7533,76.2895,0
2015-06-08,74.408,77.1677,73.5771,76.1577,0
2015-06-07,75.345,76.4656,73.4574,74.4636,0
2015-06-06,75.0321,76.1805,74.0997,75.357,0
2015-06-05,74.2096,75.9264,73.1418,75.0058,0
2015-06-04,74.7673,75.6716,73.1476,74.2214,0
2015-06-03,74.7402,76.2748,73.0284,74.7641,0
2015-06-02,72.482,76.004,71.0586,74.6233,0
2015-06-01,75.8134,77.1086,71.4519,72.4342,0
2015-05-31,77.9418,83.6798,74.7192,75.9582,0
2015-05-30,81.5238,82.7308,76.5075,78.0503,0
2015-05-29,80.0001,84.1556,77.4351,81.3431,0
2015-05-28,77.706,81.6067,76.2977,79.9945,0
2015-05-27,76.3078,79.6771,75.0524,77.642,0
2015-05-26,75.5632,78.1553,73.948,76.3005,0
2015-05-25,76.6969,78.4163,74.1002,75.5346,0
2015-05-24,75.7384,78.539,73.7042,76.6877,0
2015-05-23,75.6385,78.7641,74.1079,75.7238,0
2015-05-22,71.9104,76.8165,71.2055,75.6181,0
2015-05-21,71.4416,73.5796,69.9817,71.8786,0
2015-05-20,69.5145,73.5044,68.5306,71.3628,0
2015-05-19,67.2277,72.0777,65.5727,69.4555,0
2015-05-18,68.6171,70.1907,66.3883,67.3609,0
2015-05-17,68.8549,70.0854,67.6773,68.7085,0
2015-05-16,69.5331,70.768,67.7713,68.8964,0
2015-05-15,68.7981,70.4553,67.8649,69.5279,0
2015-05-14,68.1116,69.9972,66.6796,68.8319,0
2015-05-13,69.6177,71.5849,67.2597,68.1408,0
2015-05-12,68.7194,71.2212,67.5149,69.6332,0
2015-05-11,68.4128,69.9703,67.2994,68.7272,0
2015-05-10,69.2583,70.4132,67.3229,68.3922,0
2015-05-09,69.8321,71.3234,67.9316,69.3213,0
2015-05-08,68.1677,70.8818,67.2722,69.8406,0
2015-05-07,66.8818,69.483,65.5527,68.1969,0
2015-05-06,68.2136,69.2234,66.2741,66.8307,0
2015-05-05,69.1426,69.9544,66.6234,68.1788,0
2015-05-04,69.619,71.2214,67.9212,69.1829,0
2015-05-03,68.7067,71.3017,67.5836,69.5929,0
2015-05-02,68.2783,70.0187,67.4625,68.6724,0
2015-05-01,69.6571,70.9666,67.6876,68.2928,0
2015-04-30,66.7237,70.5503,65.8189,69.4152,0
2015-04-29,66.5279,67.8287,64.5891,66.7295,0
2015-04-28,67.6893,68.8331,65.2125,66.657,0
2015-04-27,65.3791,69.2646,64.396,67.7106,0
2015-04-26,68.1024,68.4247,63.8219,65.4025,0
2015-04-25,69.0522,70.1068,67.0728,68.1531,0
2015-04-24,70.5019,71.3367,67.6875,69.0619,0
2015-04-23,69.3773,71.3347,68.4818,70.5754,0
2015-04-22,69.5567,71.4177,68.1805,69.4008,0
2015-04-21,67.1072,70.1477,66.052,69.4389,0
2015-04-20,66.9725,68.5263,65.783,67.1094,0
2015-04-19,67.4598,68.9455,66.24,66.9662,0
2015-04-18,67.6114,68.6107,65.7889,67.4542,0
2015-04-17,69.1134,70.077,66.5449,67.6006,0
2015-04-16,66.9866,70.702,66.6157,69.1078,0
2015-04-15,66.3595,68.2343,64.8834,66.9389,0
2015-04-14,68.0112,68.8468,65.0714,66.4004,0
2015-04-13,70.7765,72.9166,66.3605,67.9971,0
2015-04-12,70.7114,72.3497,69.0955,70.7794,0
2015-04-11,71.0859,72.8591,69.1482,70.542,0
2015-04-10,74.0737,74.9098,69.1658,71.1011,0
2015-04-09,75.5113,76.5934,72.4116,74.0162,0
2015-04-08,77.1477,78.6444,73.8903,75.5644,0
2015-04-07,76.9607,78.9567,74.6011,77.1679,0
2015-04-06,78.1129,79.5747,75.8183,77.0354,0
2015-04-05,76.9001,79.2332,75.2891,78.08,0
2015-04-04,77.4939,78.5936,75.359,76.9517,0
2015-04-03,76.1347,78.9063,75.0612,77.5216,0
2015-04-02,74.165,77.4536,72.9995,76.1498,0
2015-04-01,63.5324,76.6961,63.0112,74.1684,0
2015-03-31,64.6089,67.188,61.9628,63.5306,0
2015-03-30,64.2919,66.2862,62.4739,64.582,0
2015-03-29,66.6678,67.4306,63.2285,64.2079,0
2015-03-28,65.7589,67.9895,64.8855,66.6811,0
2015-03-27,65.7127,68.2066,64.3082,65.8183,0
2015-03-26,65.7924,68.2046,64.4075,65.7231,0
2015-03-25,67.0044,69.0108,62.6806,65.8015,0
2015-03-24,71.201,72.4947,65.4511,66.7707,0
2015-03-23,71.4252,73.9552,69.0933,71.1814,0
2015-03-22,69.6409,72.342,68.7913,71.369,0
2015-03-21,69.8385,72.8303,67.1922,69.6462,0
2015-03-20,69.6273,71.7909,68.3862,69.9174,0
2015-03-19,68.4694,71.2461,66.1962,69.715,0
2015-03-18,75.1669,75.8987,67.0454,68.5067,0
2015-03-17,76.5831,77.8133,74.4755,75.2049,0
2015-03-16,75.1025,78.3628,74.6216,76.5745,0
2015-03-15,74.8127,76.8927,73.7127,75.1212,0
2015-03-14,74.7009,76.7952,73.0273,75.0011,0
2015-03-13,76.5964,78.091,74.2295,74.92,0
2015-03-12,76.8317,78.3849,75.152,76.6526,0
2015-03-11,76.2631,89.747,74.8233,76.9179,0
2015-03-10,76.3716,79.6642,74.383,76.2581,0
2015-03-09,72.4757,78.5525,71.6496,76.3213,0
2015-03-08,73.9917,75.3574,69.9468,72.3516,0
2015-03-07,73.6843,75.7122,72.0721,74.1684,0
2015-03-06,75.2136,76.7448,72.3199,73.7431,0
2015-03-05,73.087,77.166,70.5353,75.4449,0
2015-03-04,74.8852,76.4752,71.2165,73.1329,0
2015-03-03,76.056,78.7911,72.1074,75.3576,0
2015-03-02,73.6696,77.0251,71.8997,76.1486,0
2015-03-01,73.3016,75.4872,69.8002,73.684,0
2015-02-28,73.2336,74.2414,70.9221,72.9642,0
2015-02-27,69.5856,74.8594,69.2068,73.3759,0
2015-02-26,69.7966,70.9167,68.4644,69.6145,0
2015-02-25,69.9638,71.3046,68.386,69.7806,0
2015-02-24,69.758,71.49,68.4603,69.9158,0
2015-02-23,67.7802,70.963,66.6044,69.5699,0
2015-02-22,70.343,71.4202,66.5686,67.7435,0
2015-02-21,70.5432,73.0378,69.5625,70.31,0
2015-02-20,70.047,72.0746,69.2022,70.6127,0
2015-02-19,69.1568,71.1462,68.5338,70.1119,0
2015-02-18,70.9744,71.783,67.7856,69.1357,0
2015-02-17,68.8726,72.2559,67.9258,70.9076,0
2015-02-16,69.0307,70.7762,67.236,68.9471,0
2015-02-15,75.5984,79.9111,67.0115,68.9715,0
2015-02-14,70.9222,76.872,70.4321,75.6159,0
2015-02-13,67.5245,72.9357,66.827,70.9434,0
2015-02-12,67.0132,68.6481,65.6234,67.4852,0
2015-02-11,66.5852,68.7346,65.3772,66.996,0
2015-02-10,66.8898,68.417,64.7507,66.628,0
2015-02-09,67.5643,70.6513,65.3607,66.83,0
2015-02-08,68.7825,69.6159,66.559,67.5529,0
2015-02-07,68.1018,70.4556,67.0173,68.732,0
2015-02-06,66.5369,70.6313,65.7906,68.0336,0
2015-02-05,68.3159,71.5396,64.6761,66.4892,0
2015-02-04,67.7099,69.5085,65.6554,68.2053,0
2015-02-03,70.9541,73.2945,66.7123,67.6654,0
2015-02-02,69.0361,72.7733,66.8589,71.0773,0
2015-02-01,67.3743,70.8973,64.7924,69.1335,0
2015-01-31,69.2036,72.413,66.5724,67.3085,0
2015-01-30,70.9708,74.1,68.6658,69.1876,0
2015-01-29,71.5811,74.2232,67.5995,71.1597,0
2015-01-28,79.2496,81.2508,69.437,71.6392,0
2015-01-27,81.2922,83.2116,74.4824,79.307,0
2015-01-26,79.6933,92.711,77.2481,81.3947,0
2015-01-25,77.2043,81.7934,74.9073,79.61,0
2015-01-24,72.2266,78.1583,71.0363,77.3604,0
2015-01-23,72.6206,73.7071,69.5871,72.2905,0
2015-01-22,71.061,74.5613,69.7984,72.6261,0
2015-01-21,66.6379,71.9575,65.8206,71.0714,0
2015-01-20,66.6382,68.1825,64.2757,66.6193,0
2015-01-19,66.4538,68.9977,64.5486,67.1327,0
2015-01-18,63.3428,69.045,61.4744,66.1834,0
2015-01-17,66.6051,67.9077,61.4764,63.1233,0
2015-01-16,67.2513,71.5178,63.8278,66.7011,0
2015-01-15,57.458,72.6715,56.4989,67.4344,0
2015-01-14,69.1269,75.8812,54.7084,57.7205,0
2015-01-13,81.5226,86.5468,66.9291,70.039,0
2015-01-12,81.5887,83.9635,79.8557,81.629,0
2015-01-11,83.8751,86.2678,80.5307,81.5489,0
2015-01-10,91.9492,92.655,82.6262,83.901,0
2015-01-09,88.5788,93.3621,86.6909,92.3118,0
2015-01-08,92.5135,93.6941,87.3955,88.7782,0
2015-01-07,89.6967,95.2483,87.8271,93.642,0
2015-01-06,86.2564,90.9457,84.7404,89.6425,0
2015-01-05,82.3484,88.319,81.5787,86.2289,0
2015-01-04,89.2479,91.1656,79.871,82.2132,0
2015-01-03,100.253,101.54,88.7442,89.3769,0
2015-01-02,99.9137,101.869,98.7938,100.218,0
2015-01-01,101.36,102.153,98.8187,100,0
